-- MySQL dump 10.16  Distrib 10.1.31-MariaDB, for Win32 (AMD64)
--
-- Host: localhost    Database: angelina
-- ------------------------------------------------------
-- Server version	10.1.31-MariaDB

/*!40101 SET @OLD_CHARACTER_SET_CLIENT=@@CHARACTER_SET_CLIENT */;
/*!40101 SET @OLD_CHARACTER_SET_RESULTS=@@CHARACTER_SET_RESULTS */;
/*!40101 SET @OLD_COLLATION_CONNECTION=@@COLLATION_CONNECTION */;
/*!40101 SET NAMES utf8 */;
/*!40103 SET @OLD_TIME_ZONE=@@TIME_ZONE */;
/*!40103 SET TIME_ZONE='+00:00' */;
/*!40014 SET @OLD_UNIQUE_CHECKS=@@UNIQUE_CHECKS, UNIQUE_CHECKS=0 */;
/*!40014 SET @OLD_FOREIGN_KEY_CHECKS=@@FOREIGN_KEY_CHECKS, FOREIGN_KEY_CHECKS=0 */;
/*!40101 SET @OLD_SQL_MODE=@@SQL_MODE, SQL_MODE='NO_AUTO_VALUE_ON_ZERO' */;
/*!40111 SET @OLD_SQL_NOTES=@@SQL_NOTES, SQL_NOTES=0 */;

--
-- Table structure for table `an_articoli`
--

DROP TABLE IF EXISTS `an_articoli`;
/*!40101 SET @saved_cs_client     = @@character_set_client */;
/*!40101 SET character_set_client = utf8 */;
CREATE TABLE `an_articoli` (
  `idarticolo` int(4) unsigned NOT NULL AUTO_INCREMENT,
  `articolo` char(50) COLLATE latin1_general_ci NOT NULL,
  `ksfornitore` int(4) NOT NULL,
  `prezzounitario` decimal(8,2) NOT NULL,
  PRIMARY KEY (`idarticolo`)
) ENGINE=InnoDB AUTO_INCREMENT=108 DEFAULT CHARSET=latin1 COLLATE=latin1_general_ci;
/*!40101 SET character_set_client = @saved_cs_client */;

--
-- Dumping data for table `an_articoli`
--

LOCK TABLES `an_articoli` WRITE;
/*!40000 ALTER TABLE `an_articoli` DISABLE KEYS */;
INSERT INTO `an_articoli` VALUES (1,'Bott liquore porto rosso',1,11.32),(2,'KG farina 0',1,19.77),(3,'KG farina 00',1,19.78),(4,'KG Parmigiano',1,14.90),(5,'Bott Aceto balsamico',1,1.70),(6,'bott aceto di mele',1,0.00),(7,'bott salsa worchester 568 ml',1,0.00),(8,'bott succo mela verde yoga',1,0.00),(9,'Conf Alici sott\'olio',1,11.26),(10,'Conf Basilico',1,1.51),(11,'Conf bicarbonato',1,0.54),(12,'Conf Burrata',1,7.00),(13,'Conf buste sottovuoto 16X25',1,3.70),(14,'Conf buste sottovuoto 25X35',1,3.70),(15,'conf capperi',1,3.44),(16,'Conf cariche per sifone crema',1,5.82),(17,'conf carta pizzo 30 cm',1,0.00),(18,'Conf Concentrato di pomodoro',1,2.10),(19,'Conf coriandolo',1,1.55),(20,'Conf fagioli borlotti secchi',1,1.68),(21,'Conf Farina di riso',1,1.06),(22,'Conf guanti in nitrile Neri XL',1,6.07),(23,'Conf Lamponi',1,2.40),(24,'Conf menta',1,1.55),(25,'Conf More',1,1.89),(26,'Conf Noci sgusciate',1,16.81),(27,'Conf paprika dolce',1,2.73),(28,'Conf pellicola',1,4.62),(29,'Conf pepe Nero Macinato',1,6.42),(30,'Conf peperoncino frantumato',1,2.83),(31,'conf pezzette vileda',1,0.00),(32,'Conf Pinoli sgusciati',1,50.94),(33,'conf polenta istantanea',1,2.00),(34,'Conf sale maldon',1,5.04),(35,'conf semi di sesamo',1,6.58),(36,'conf spago da cucina',1,0.00),(37,'conf timo',1,1.50),(38,'conf uvetta sultanina',1,0.00),(39,'conf zollette di zucchero di canna',1,0.00),(40,'conf zollette di zucchero semolato',1,0.00),(41,'CT carta forno in fogli',1,21.27),(42,'CT savoiardi vincenovo',1,14.57),(43,'CT uova pasta gialla',1,29.48),(44,'KG burro',1,8.95),(45,'KG burro Salato',1,15.89),(46,'kg ceci secchi',1,0.00),(47,'KG cicerchie secce',1,6.26),(48,'KG cozze',1,2.80),(49,'KG funghi porcini gelo',1,11.46),(50,'KG Gamberi Rossi L1',1,10.99),(51,'KG lievito di birra',1,3.44),(52,'KG mandorle pelate',1,15.07),(53,'kg Mascarpone Mila',1,7.64),(54,'KG mezze maniche de cecco',1,2.67),(55,'KG ossa di manzo',1,2.09),(56,'KG Panko',1,7.55),(57,'kg polpo t5',1,13.90),(58,'KG scamorza affumicata',1,9.90),(59,'KG Stracciatella Bufala',1,10.90),(60,'KG zucchero',1,0.81),(61,'Lt Aceto vino bianco',1,0.97),(62,'lt albume pastorizzato',1,3.00),(63,'Lt latte UHT',1,1.35),(64,'Lt Olio EVO',1,3.99),(65,'Lt olio semi di girasole',1,1.35),(66,'Lt salsa di soia kikkoman',1,5.52),(67,'Lt Tuorolo pastorizzato',1,6.65),(68,'Lt vino Bianco Brick',1,1.35),(69,'Lt vino Rosso Brick',1,1.35),(70,'pz Cedro',1,4.90),(71,'PZ prosciutto crudo senza osso',1,38.00),(72,'PZ ricotta',1,5.55),(73,'Pz salame corallina',1,10.54),(74,'PZ salame piccante',1,10.69),(75,'pz Sedano Rapa',1,0.80),(76,'tanica sapone pavimenti lisoform',1,8.03),(77,'Taniche sapone piatti',1,2.80),(78,'Bott liquore PESCE I',2,12.32),(79,'KG PESCE  0',2,19.79),(80,' karina 00 PESCE',2,19.80),(81,'KG Parmiano  PESCE',2,14.90),(82,'balsamico  PESCE',2,1.70),(83,'Bott liquore PASTA',3,0.92),(84,'KG farina 0',3,59.86),(85,' karPasta',3,19.81),(86,'miano',3,14.90),(87,'balsamico',3,17.70),(88,'PASTA',4,22.32),(89,'KG farina 0',4,6.76),(90,' karina 00',4,19.82),(91,'KG ano',4,16.90),(92,'balsamico',4,21.70),(93,'Bott liquore FEROCI',5,5.36),(94,' farina 0 FEROCI',5,3.76),(95,' kara 00 FEROCI',5,19.83),(96,'KG Parmiano FEROCI',5,14.90),(97,'balsamico FEROCI',5,8.70),(98,'Bott liquore HQF FEROCI',5,5.36),(99,'KG na 0 FEROCI',5,3.76),(100,' karna 00 FEROCI',5,19.84),(101,'KG Parmiano FEROCI',5,14.90),(102,'balshqfamico FEROCI',5,1.90),(103,'SIMICA p',6,5.36),(104,'KG arina SIMICA0',6,3.76),(105,' rina 0SIMICA0',6,19.76),(106,'KG ParmianSIMICAo',6,14.90),(107,'SIMICASIMICA',6,1.70);
/*!40000 ALTER TABLE `an_articoli` ENABLE KEYS */;
UNLOCK TABLES;

--
-- Table structure for table `an_categorie`
--

DROP TABLE IF EXISTS `an_categorie`;
/*!40101 SET @saved_cs_client     = @@character_set_client */;
/*!40101 SET character_set_client = utf8 */;
CREATE TABLE `an_categorie` (
  `idcategoria` int(4) unsigned NOT NULL AUTO_INCREMENT,
  `categoria` char(30) COLLATE latin1_general_ci NOT NULL,
  PRIMARY KEY (`idcategoria`),
  UNIQUE KEY `categoria` (`categoria`)
) ENGINE=InnoDB DEFAULT CHARSET=latin1 COLLATE=latin1_general_ci;
/*!40101 SET character_set_client = @saved_cs_client */;

--
-- Dumping data for table `an_categorie`
--

LOCK TABLES `an_categorie` WRITE;
/*!40000 ALTER TABLE `an_categorie` DISABLE KEYS */;
/*!40000 ALTER TABLE `an_categorie` ENABLE KEYS */;
UNLOCK TABLES;

--
-- Table structure for table `an_dettaglioordine`
--

DROP TABLE IF EXISTS `an_dettaglioordine`;
/*!40101 SET @saved_cs_client     = @@character_set_client */;
/*!40101 SET character_set_client = utf8 */;
CREATE TABLE `an_dettaglioordine` (
  `idDettaglioOrdine` int(11) NOT NULL AUTO_INCREMENT,
  `idOrdine` int(10) unsigned NOT NULL,
  `idFornitore` int(10) unsigned DEFAULT NULL,
  `idArticolo` int(10) unsigned DEFAULT NULL,
  `tipo` varchar(45) COLLATE latin1_general_ci DEFAULT NULL,
  `quantita` int(10) unsigned DEFAULT '0',
  `prezzo` double DEFAULT '0',
  `utente` varchar(45) COLLATE latin1_general_ci DEFAULT NULL,
  PRIMARY KEY (`idDettaglioOrdine`),
  KEY `FK_idOrdine` (`idOrdine`),
  CONSTRAINT `FK_idOrdine` FOREIGN KEY (`idOrdine`) REFERENCES `an_ordini` (`idordine`) ON DELETE CASCADE ON UPDATE CASCADE
) ENGINE=InnoDB AUTO_INCREMENT=2913 DEFAULT CHARSET=latin1 COLLATE=latin1_general_ci;
/*!40101 SET character_set_client = @saved_cs_client */;

--
-- Dumping data for table `an_dettaglioordine`
--

LOCK TABLES `an_dettaglioordine` WRITE;
/*!40000 ALTER TABLE `an_dettaglioordine` DISABLE KEYS */;
INSERT INTO `an_dettaglioordine` VALUES (183,2,1,1,'ANTIPASTI',0,11.09,'utente_1'),(184,2,1,1,'ANTIPASTI',0,11.32,'utente_1'),(185,2,2,1,'ANTIPASTI',0,19.77,'utente_1'),(186,2,4,1,'ANTIPASTI',0,14.9,'utente_1'),(187,2,5,1,'ANTIPASTI',0,1.7,'utente_1'),(188,2,6,1,'ANTIPASTI',0,0,'utente_1'),(189,2,1,4,'ANTIPASTI',0,11.32,'utente_1'),(190,2,2,4,'ANTIPASTI',0,19.77,'utente_1'),(191,2,4,4,'ANTIPASTI',0,14.9,'utente_1'),(192,2,5,4,'ANTIPASTI',0,1.7,'utente_1'),(193,2,6,4,'ANTIPASTI',0,0,'utente_1'),(194,2,1,5,'ANTIPASTI',0,11.32,'utente_1'),(195,2,2,5,'ANTIPASTI',0,19.77,'utente_1'),(196,2,4,5,'ANTIPASTI',0,14.9,'utente_1'),(197,2,5,5,'ANTIPASTI',0,1.7,'utente_1'),(198,2,6,5,'ANTIPASTI',0,0,'utente_1'),(199,2,1,6,'ANTIPASTI',0,11.32,'utente_1'),(200,2,2,6,'ANTIPASTI',0,19.77,'utente_1'),(201,2,4,6,'ANTIPASTI',0,14.9,'utente_1'),(202,2,5,6,'ANTIPASTI',0,1.7,'utente_1'),(203,2,6,6,'ANTIPASTI',0,0,'utente_1'),(204,2,1,1,'PRIMI',0,11.32,'utente_1'),(205,2,2,1,'PRIMI',0,19.77,'utente_1'),(206,2,3,1,'PRIMI',0,19.78,'utente_1'),(207,2,4,1,'PRIMI',0,14.9,'utente_1'),(208,2,5,1,'PRIMI',0,1.7,'utente_1'),(209,2,6,1,'PRIMI',0,0,'utente_1'),(210,2,1,2,'PRIMI',0,11.32,'utente_1'),(211,2,2,2,'PRIMI',0,19.77,'utente_1'),(212,2,3,2,'PRIMI',0,19.78,'utente_1'),(213,2,4,2,'PRIMI',0,14.9,'utente_1'),(214,2,5,2,'PRIMI',0,1.7,'utente_1'),(215,2,6,2,'PRIMI',0,0,'utente_1'),(216,2,1,3,'PRIMI',0,11.32,'utente_1'),(217,2,2,3,'PRIMI',0,19.77,'utente_1'),(218,2,3,3,'PRIMI',0,19.78,'utente_1'),(219,2,4,3,'PRIMI',0,14.9,'utente_1'),(220,2,5,3,'PRIMI',0,1.7,'utente_1'),(221,2,6,3,'PRIMI',0,0,'utente_1'),(222,2,1,4,'PRIMI',0,11.32,'utente_1'),(223,2,2,4,'PRIMI',0,19.77,'utente_1'),(224,2,3,4,'PRIMI',0,19.78,'utente_1'),(225,2,4,4,'PRIMI',0,14.9,'utente_1'),(226,2,5,4,'PRIMI',0,1.7,'utente_1'),(227,2,6,4,'PRIMI',0,0,'utente_1'),(228,2,1,5,'PRIMI',0,11.32,'utente_1'),(229,2,2,5,'PRIMI',0,19.77,'utente_1'),(230,2,3,5,'PRIMI',0,19.78,'utente_1'),(231,2,4,5,'PRIMI',0,14.9,'utente_1'),(232,2,5,5,'PRIMI',0,1.7,'utente_1'),(233,2,6,5,'PRIMI',0,0,'utente_1'),(234,2,1,6,'PRIMI',0,11.32,'utente_1'),(235,2,2,6,'PRIMI',0,19.77,'utente_1'),(236,2,3,6,'PRIMI',0,19.78,'utente_1'),(237,2,4,6,'PRIMI',0,14.9,'utente_1'),(238,2,5,6,'PRIMI',0,1.7,'utente_1'),(239,2,6,6,'PRIMI',0,0,'utente_1'),(240,2,1,7,'PRIMI',0,11.32,'utente_1'),(241,2,2,7,'PRIMI',0,19.77,'utente_1'),(242,2,3,7,'PRIMI',0,19.78,'utente_1'),(243,2,4,7,'PRIMI',0,14.9,'utente_1'),(244,2,5,7,'PRIMI',0,1.7,'utente_1'),(245,2,6,7,'PRIMI',0,0,'utente_1'),(246,2,1,1,'SECONDI',0,11.32,'utente_1'),(247,2,2,1,'SECONDI',0,19.77,'utente_1'),(248,2,3,1,'SECONDI',0,19.78,'utente_1'),(249,2,4,1,'SECONDI',0,14.9,'utente_1'),(250,2,5,1,'SECONDI',0,1.7,'utente_1'),(251,2,6,1,'SECONDI',0,0,'utente_1'),(252,2,1,2,'SECONDI',0,11.32,'utente_1'),(253,2,2,2,'SECONDI',0,19.77,'utente_1'),(254,2,3,2,'SECONDI',0,19.78,'utente_1'),(255,2,4,2,'SECONDI',0,14.9,'utente_1'),(256,2,5,2,'SECONDI',0,1.7,'utente_1'),(257,2,6,2,'SECONDI',0,0,'utente_1'),(258,2,1,3,'SECONDI',0,11.32,'utente_1'),(259,2,2,3,'SECONDI',0,19.77,'utente_1'),(260,2,3,3,'SECONDI',0,19.78,'utente_1'),(261,2,4,3,'SECONDI',0,14.9,'utente_1'),(262,2,5,3,'SECONDI',0,1.7,'utente_1'),(263,2,6,3,'SECONDI',0,0,'utente_1'),(264,2,1,4,'SECONDI',0,11.32,'utente_1'),(265,2,2,4,'SECONDI',0,19.77,'utente_1'),(266,2,3,4,'SECONDI',0,19.78,'utente_1'),(267,2,4,4,'SECONDI',0,14.9,'utente_1'),(268,2,5,4,'SECONDI',0,1.7,'utente_1'),(269,2,6,4,'SECONDI',0,0,'utente_1'),(270,2,1,5,'SECONDI',0,11.32,'utente_1'),(271,2,2,5,'SECONDI',0,19.77,'utente_1'),(272,2,3,5,'SECONDI',0,19.78,'utente_1'),(273,2,4,5,'SECONDI',0,14.9,'utente_1'),(274,2,5,5,'SECONDI',0,1.7,'utente_1'),(275,2,6,5,'SECONDI',0,0,'utente_1'),(276,2,1,6,'SECONDI',0,11.32,'utente_1'),(277,2,2,6,'SECONDI',0,19.77,'utente_1'),(278,2,3,6,'SECONDI',0,19.78,'utente_1'),(279,2,4,6,'SECONDI',0,14.9,'utente_1'),(280,2,5,6,'SECONDI',0,1.7,'utente_1'),(281,2,6,6,'SECONDI',0,0,'utente_1'),(282,2,1,7,'SECONDI',0,11.32,'utente_1'),(283,2,2,7,'SECONDI',0,19.77,'utente_1'),(284,2,3,7,'SECONDI',0,19.78,'utente_1'),(285,2,4,7,'SECONDI',0,14.9,'utente_1'),(286,2,5,7,'SECONDI',0,1.7,'utente_1'),(287,2,6,7,'SECONDI',0,0,'utente_1'),(288,2,1,1,'PIZZERIA',0,11.32,'utente_1'),(289,2,2,1,'PIZZERIA',0,19.77,'utente_1'),(290,2,3,1,'PIZZERIA',0,19.78,'utente_1'),(291,2,4,1,'PIZZERIA',0,14.9,'utente_1'),(292,2,5,1,'PIZZERIA',0,1.7,'utente_1'),(293,2,6,1,'PIZZERIA',0,0,'utente_1'),(294,2,1,2,'PIZZERIA',0,11.32,'utente_1'),(295,2,2,2,'PIZZERIA',0,19.77,'utente_1'),(296,2,3,2,'PIZZERIA',0,19.78,'utente_1'),(297,2,4,2,'PIZZERIA',0,14.9,'utente_1'),(298,2,5,2,'PIZZERIA',0,1.7,'utente_1'),(299,2,6,2,'PIZZERIA',0,0,'utente_1'),(300,2,1,3,'PIZZERIA',0,11.32,'utente_1'),(301,2,2,3,'PIZZERIA',0,19.77,'utente_1'),(302,2,3,3,'PIZZERIA',0,19.78,'utente_1'),(303,2,4,3,'PIZZERIA',0,14.9,'utente_1'),(304,2,5,3,'PIZZERIA',0,1.7,'utente_1'),(305,2,6,3,'PIZZERIA',0,0,'utente_1'),(306,2,1,4,'PIZZERIA',0,11.32,'utente_1'),(307,2,2,4,'PIZZERIA',0,19.77,'utente_1'),(308,2,3,4,'PIZZERIA',0,19.78,'utente_1'),(309,2,4,4,'PIZZERIA',0,14.9,'utente_1'),(310,2,5,4,'PIZZERIA',0,1.7,'utente_1'),(311,2,6,4,'PIZZERIA',0,0,'utente_1'),(312,2,1,5,'PIZZERIA',0,11.32,'utente_1'),(313,2,2,5,'PIZZERIA',0,19.77,'utente_1'),(314,2,3,5,'PIZZERIA',0,19.78,'utente_1'),(315,2,4,5,'PIZZERIA',0,14.9,'utente_1'),(316,2,5,5,'PIZZERIA',0,1.7,'utente_1'),(317,2,6,5,'PIZZERIA',0,0,'utente_1'),(318,2,1,6,'PIZZERIA',0,11.32,'utente_1'),(319,2,2,6,'PIZZERIA',0,19.77,'utente_1'),(320,2,3,6,'PIZZERIA',0,19.78,'utente_1'),(321,2,4,6,'PIZZERIA',0,14.9,'utente_1'),(322,2,5,6,'PIZZERIA',0,1.7,'utente_1'),(323,2,6,6,'PIZZERIA',0,0,'utente_1'),(324,2,1,7,'PIZZERIA',0,11.32,'utente_1'),(325,2,2,7,'PIZZERIA',0,19.77,'utente_1'),(326,2,3,7,'PIZZERIA',0,19.78,'utente_1'),(327,2,4,7,'PIZZERIA',0,14.9,'utente_1'),(328,2,5,7,'PIZZERIA',0,1.7,'utente_1'),(329,2,6,7,'PIZZERIA',0,0,'utente_1'),(330,2,1,1,'PESCE',0,11.32,'utente_1'),(331,2,2,1,'PESCE',0,19.77,'utente_1'),(332,2,4,1,'PESCE',0,14.9,'utente_1'),(333,2,5,1,'PESCE',0,1.7,'utente_1'),(334,2,6,1,'PESCE',0,0,'utente_1'),(335,2,1,2,'PESCE',0,11.32,'utente_1'),(336,2,2,2,'PESCE',0,19.77,'utente_1'),(337,2,4,2,'PESCE',0,14.9,'utente_1'),(338,2,5,2,'PESCE',0,1.7,'utente_1'),(339,2,6,2,'PESCE',0,0,'utente_1'),(340,2,1,3,'PESCE',0,11.32,'utente_1'),(341,2,2,3,'PESCE',0,19.77,'utente_1'),(342,2,4,3,'PESCE',0,14.9,'utente_1'),(343,2,5,3,'PESCE',0,1.7,'utente_1'),(344,2,6,3,'PESCE',0,0,'utente_1'),(345,2,1,4,'PESCE',0,11.32,'utente_1'),(346,2,2,4,'PESCE',0,19.77,'utente_1'),(347,2,4,4,'PESCE',0,14.9,'utente_1'),(348,2,5,4,'PESCE',0,1.7,'utente_1'),(349,2,6,4,'PESCE',0,0,'utente_1'),(350,2,1,5,'PESCE',0,11.32,'utente_1'),(351,2,2,5,'PESCE',0,19.77,'utente_1'),(352,2,4,5,'PESCE',0,14.9,'utente_1'),(353,2,5,5,'PESCE',0,1.7,'utente_1'),(354,2,6,5,'PESCE',0,0,'utente_1'),(355,2,1,6,'PESCE',0,11.32,'utente_1'),(356,2,2,6,'PESCE',0,19.77,'utente_1'),(357,2,4,6,'PESCE',0,14.9,'utente_1'),(358,2,5,6,'PESCE',0,1.7,'utente_1'),(359,2,6,6,'PESCE',0,0,'utente_1'),(360,2,1,7,'PESCE',0,11.32,'utente_1'),(361,2,2,7,'PESCE',0,19.77,'utente_1'),(362,2,4,7,'PESCE',0,14.9,'utente_1'),(363,2,5,7,'PESCE',0,1.7,'utente_1'),(364,2,6,7,'PESCE',0,0,'utente_1'),(365,3,1,1,'ANTIPASTI',0,11.09,'utente_1'),(366,3,1,1,'ANTIPASTI',0,11.32,'utente_1'),(367,3,2,1,'ANTIPASTI',0,19.77,'utente_1'),(368,3,4,1,'ANTIPASTI',0,14.9,'utente_1'),(369,3,5,1,'ANTIPASTI',0,1.7,'utente_1'),(370,3,6,1,'ANTIPASTI',0,0,'utente_1'),(371,3,1,4,'ANTIPASTI',0,11.32,'utente_1'),(372,3,2,4,'ANTIPASTI',0,19.77,'utente_1'),(373,3,4,4,'ANTIPASTI',0,14.9,'utente_1'),(374,3,5,4,'ANTIPASTI',0,1.7,'utente_1'),(375,3,6,4,'ANTIPASTI',0,0,'utente_1'),(376,3,1,5,'ANTIPASTI',0,11.32,'utente_1'),(377,3,2,5,'ANTIPASTI',0,19.77,'utente_1'),(378,3,4,5,'ANTIPASTI',0,14.9,'utente_1'),(379,3,5,5,'ANTIPASTI',0,1.7,'utente_1'),(380,3,6,5,'ANTIPASTI',0,0,'utente_1'),(381,3,1,6,'ANTIPASTI',0,11.32,'utente_1'),(382,3,2,6,'ANTIPASTI',0,19.77,'utente_1'),(383,3,4,6,'ANTIPASTI',0,14.9,'utente_1'),(384,3,5,6,'ANTIPASTI',0,1.7,'utente_1'),(385,3,6,6,'ANTIPASTI',0,0,'utente_1'),(386,3,1,1,'PRIMI',0,11.32,'utente_1'),(387,3,2,1,'PRIMI',0,19.77,'utente_1'),(388,3,3,1,'PRIMI',0,19.78,'utente_1'),(389,3,4,1,'PRIMI',0,14.9,'utente_1'),(390,3,5,1,'PRIMI',0,1.7,'utente_1'),(391,3,6,1,'PRIMI',0,0,'utente_1'),(392,3,1,2,'PRIMI',0,11.32,'utente_1'),(393,3,2,2,'PRIMI',0,19.77,'utente_1'),(394,3,3,2,'PRIMI',0,19.78,'utente_1'),(395,3,4,2,'PRIMI',0,14.9,'utente_1'),(396,3,5,2,'PRIMI',0,1.7,'utente_1'),(397,3,6,2,'PRIMI',0,0,'utente_1'),(398,3,1,3,'PRIMI',0,11.32,'utente_1'),(399,3,2,3,'PRIMI',0,19.77,'utente_1'),(400,3,3,3,'PRIMI',0,19.78,'utente_1'),(401,3,4,3,'PRIMI',0,14.9,'utente_1'),(402,3,5,3,'PRIMI',0,1.7,'utente_1'),(403,3,6,3,'PRIMI',0,0,'utente_1'),(404,3,1,4,'PRIMI',0,11.32,'utente_1'),(405,3,2,4,'PRIMI',0,19.77,'utente_1'),(406,3,3,4,'PRIMI',0,19.78,'utente_1'),(407,3,4,4,'PRIMI',0,14.9,'utente_1'),(408,3,5,4,'PRIMI',0,1.7,'utente_1'),(409,3,6,4,'PRIMI',0,0,'utente_1'),(410,3,1,5,'PRIMI',0,11.32,'utente_1'),(411,3,2,5,'PRIMI',0,19.77,'utente_1'),(412,3,3,5,'PRIMI',0,19.78,'utente_1'),(413,3,4,5,'PRIMI',0,14.9,'utente_1'),(414,3,5,5,'PRIMI',0,1.7,'utente_1'),(415,3,6,5,'PRIMI',0,0,'utente_1'),(416,3,1,6,'PRIMI',0,11.32,'utente_1'),(417,3,2,6,'PRIMI',0,19.77,'utente_1'),(418,3,3,6,'PRIMI',0,19.78,'utente_1'),(419,3,4,6,'PRIMI',0,14.9,'utente_1'),(420,3,5,6,'PRIMI',0,1.7,'utente_1'),(421,3,6,6,'PRIMI',0,0,'utente_1'),(422,3,1,7,'PRIMI',0,11.32,'utente_1'),(423,3,2,7,'PRIMI',0,19.77,'utente_1'),(424,3,3,7,'PRIMI',0,19.78,'utente_1'),(425,3,4,7,'PRIMI',0,14.9,'utente_1'),(426,3,5,7,'PRIMI',0,1.7,'utente_1'),(427,3,6,7,'PRIMI',0,0,'utente_1'),(428,3,1,1,'SECONDI',0,11.32,'utente_1'),(429,3,2,1,'SECONDI',0,19.77,'utente_1'),(430,3,3,1,'SECONDI',0,19.78,'utente_1'),(431,3,4,1,'SECONDI',0,14.9,'utente_1'),(432,3,5,1,'SECONDI',0,1.7,'utente_1'),(433,3,6,1,'SECONDI',0,0,'utente_1'),(434,3,1,2,'SECONDI',0,11.32,'utente_1'),(435,3,2,2,'SECONDI',0,19.77,'utente_1'),(436,3,3,2,'SECONDI',0,19.78,'utente_1'),(437,3,4,2,'SECONDI',0,14.9,'utente_1'),(438,3,5,2,'SECONDI',0,1.7,'utente_1'),(439,3,6,2,'SECONDI',0,0,'utente_1'),(440,3,1,3,'SECONDI',0,11.32,'utente_1'),(441,3,2,3,'SECONDI',0,19.77,'utente_1'),(442,3,3,3,'SECONDI',0,19.78,'utente_1'),(443,3,4,3,'SECONDI',0,14.9,'utente_1'),(444,3,5,3,'SECONDI',0,1.7,'utente_1'),(445,3,6,3,'SECONDI',0,0,'utente_1'),(446,3,1,4,'SECONDI',0,11.32,'utente_1'),(447,3,2,4,'SECONDI',0,19.77,'utente_1'),(448,3,3,4,'SECONDI',0,19.78,'utente_1'),(449,3,4,4,'SECONDI',0,14.9,'utente_1'),(450,3,5,4,'SECONDI',0,1.7,'utente_1'),(451,3,6,4,'SECONDI',0,0,'utente_1'),(452,3,1,5,'SECONDI',0,11.32,'utente_1'),(453,3,2,5,'SECONDI',0,19.77,'utente_1'),(454,3,3,5,'SECONDI',0,19.78,'utente_1'),(455,3,4,5,'SECONDI',0,14.9,'utente_1'),(456,3,5,5,'SECONDI',0,1.7,'utente_1'),(457,3,6,5,'SECONDI',0,0,'utente_1'),(458,3,1,6,'SECONDI',0,11.32,'utente_1'),(459,3,2,6,'SECONDI',0,19.77,'utente_1'),(460,3,3,6,'SECONDI',0,19.78,'utente_1'),(461,3,4,6,'SECONDI',0,14.9,'utente_1'),(462,3,5,6,'SECONDI',0,1.7,'utente_1'),(463,3,6,6,'SECONDI',0,0,'utente_1'),(464,3,1,7,'SECONDI',0,11.32,'utente_1'),(465,3,2,7,'SECONDI',0,19.77,'utente_1'),(466,3,3,7,'SECONDI',0,19.78,'utente_1'),(467,3,4,7,'SECONDI',0,14.9,'utente_1'),(468,3,5,7,'SECONDI',0,1.7,'utente_1'),(469,3,6,7,'SECONDI',0,0,'utente_1'),(470,3,1,1,'PIZZERIA',0,11.32,'utente_1'),(471,3,2,1,'PIZZERIA',0,19.77,'utente_1'),(472,3,3,1,'PIZZERIA',0,19.78,'utente_1'),(473,3,4,1,'PIZZERIA',0,14.9,'utente_1'),(474,3,5,1,'PIZZERIA',0,1.7,'utente_1'),(475,3,6,1,'PIZZERIA',0,0,'utente_1'),(476,3,1,2,'PIZZERIA',0,11.32,'utente_1'),(477,3,2,2,'PIZZERIA',0,19.77,'utente_1'),(478,3,3,2,'PIZZERIA',0,19.78,'utente_1'),(479,3,4,2,'PIZZERIA',0,14.9,'utente_1'),(480,3,5,2,'PIZZERIA',0,1.7,'utente_1'),(481,3,6,2,'PIZZERIA',0,0,'utente_1'),(482,3,1,3,'PIZZERIA',0,11.32,'utente_1'),(483,3,2,3,'PIZZERIA',0,19.77,'utente_1'),(484,3,3,3,'PIZZERIA',0,19.78,'utente_1'),(485,3,4,3,'PIZZERIA',0,14.9,'utente_1'),(486,3,5,3,'PIZZERIA',0,1.7,'utente_1'),(487,3,6,3,'PIZZERIA',0,0,'utente_1'),(488,3,1,4,'PIZZERIA',0,11.32,'utente_1'),(489,3,2,4,'PIZZERIA',0,19.77,'utente_1'),(490,3,3,4,'PIZZERIA',0,19.78,'utente_1'),(491,3,4,4,'PIZZERIA',0,14.9,'utente_1'),(492,3,5,4,'PIZZERIA',0,1.7,'utente_1'),(493,3,6,4,'PIZZERIA',0,0,'utente_1'),(494,3,1,5,'PIZZERIA',0,11.32,'utente_1'),(495,3,2,5,'PIZZERIA',0,19.77,'utente_1'),(496,3,3,5,'PIZZERIA',0,19.78,'utente_1'),(497,3,4,5,'PIZZERIA',0,14.9,'utente_1'),(498,3,5,5,'PIZZERIA',0,1.7,'utente_1'),(499,3,6,5,'PIZZERIA',0,0,'utente_1'),(500,3,1,6,'PIZZERIA',0,11.32,'utente_1'),(501,3,2,6,'PIZZERIA',0,19.77,'utente_1'),(502,3,3,6,'PIZZERIA',0,19.78,'utente_1'),(503,3,4,6,'PIZZERIA',0,14.9,'utente_1'),(504,3,5,6,'PIZZERIA',0,1.7,'utente_1'),(505,3,6,6,'PIZZERIA',0,0,'utente_1'),(506,3,1,7,'PIZZERIA',0,11.32,'utente_1'),(507,3,2,7,'PIZZERIA',0,19.77,'utente_1'),(508,3,3,7,'PIZZERIA',0,19.78,'utente_1'),(509,3,4,7,'PIZZERIA',0,14.9,'utente_1'),(510,3,5,7,'PIZZERIA',0,1.7,'utente_1'),(511,3,6,7,'PIZZERIA',0,0,'utente_1'),(512,3,1,1,'PESCE',0,11.32,'utente_1'),(513,3,2,1,'PESCE',0,19.77,'utente_1'),(514,3,4,1,'PESCE',0,14.9,'utente_1'),(515,3,5,1,'PESCE',0,1.7,'utente_1'),(516,3,6,1,'PESCE',0,0,'utente_1'),(517,3,1,2,'PESCE',0,11.32,'utente_1'),(518,3,2,2,'PESCE',0,19.77,'utente_1'),(519,3,4,2,'PESCE',0,14.9,'utente_1'),(520,3,5,2,'PESCE',0,1.7,'utente_1'),(521,3,6,2,'PESCE',0,0,'utente_1'),(522,3,1,3,'PESCE',0,11.32,'utente_1'),(523,3,2,3,'PESCE',0,19.77,'utente_1'),(524,3,4,3,'PESCE',0,14.9,'utente_1'),(525,3,5,3,'PESCE',0,1.7,'utente_1'),(526,3,6,3,'PESCE',0,0,'utente_1'),(527,3,1,4,'PESCE',0,11.32,'utente_1'),(528,3,2,4,'PESCE',0,19.77,'utente_1'),(529,3,4,4,'PESCE',0,14.9,'utente_1'),(530,3,5,4,'PESCE',0,1.7,'utente_1'),(531,3,6,4,'PESCE',0,0,'utente_1'),(532,3,1,5,'PESCE',0,11.32,'utente_1'),(533,3,2,5,'PESCE',0,19.77,'utente_1'),(534,3,4,5,'PESCE',0,14.9,'utente_1'),(535,3,5,5,'PESCE',0,1.7,'utente_1'),(536,3,6,5,'PESCE',0,0,'utente_1'),(537,3,1,6,'PESCE',0,11.32,'utente_1'),(538,3,2,6,'PESCE',0,19.77,'utente_1'),(539,3,4,6,'PESCE',0,14.9,'utente_1'),(540,3,5,6,'PESCE',0,1.7,'utente_1'),(541,3,6,6,'PESCE',0,0,'utente_1'),(542,3,1,7,'PESCE',0,11.32,'utente_1'),(543,3,2,7,'PESCE',0,19.77,'utente_1'),(544,3,4,7,'PESCE',0,14.9,'utente_1'),(545,3,5,7,'PESCE',0,1.7,'utente_1'),(546,3,6,7,'PESCE',0,0,'utente_1'),(547,4,1,1,'ANTIPASTI',0,11.09,'utente_1'),(548,4,1,1,'ANTIPASTI',0,11.32,'utente_1'),(549,4,2,1,'ANTIPASTI',0,19.77,'utente_1'),(550,4,4,1,'ANTIPASTI',0,14.9,'utente_1'),(551,4,5,1,'ANTIPASTI',0,1.7,'utente_1'),(552,4,6,1,'ANTIPASTI',0,0,'utente_1'),(553,4,1,4,'ANTIPASTI',0,11.32,'utente_1'),(554,4,2,4,'ANTIPASTI',0,19.77,'utente_1'),(555,4,4,4,'ANTIPASTI',0,14.9,'utente_1'),(556,4,5,4,'ANTIPASTI',0,1.7,'utente_1'),(557,4,6,4,'ANTIPASTI',0,0,'utente_1'),(558,4,1,5,'ANTIPASTI',0,11.32,'utente_1'),(559,4,2,5,'ANTIPASTI',0,19.77,'utente_1'),(560,4,4,5,'ANTIPASTI',0,14.9,'utente_1'),(561,4,5,5,'ANTIPASTI',0,1.7,'utente_1'),(562,4,6,5,'ANTIPASTI',0,0,'utente_1'),(563,4,1,6,'ANTIPASTI',0,11.32,'utente_1'),(564,4,2,6,'ANTIPASTI',0,19.77,'utente_1'),(565,4,4,6,'ANTIPASTI',0,14.9,'utente_1'),(566,4,5,6,'ANTIPASTI',0,1.7,'utente_1'),(567,4,6,6,'ANTIPASTI',0,0,'utente_1'),(568,4,1,1,'PRIMI',0,11.32,'utente_1'),(569,4,2,1,'PRIMI',0,19.77,'utente_1'),(570,4,3,1,'PRIMI',0,19.78,'utente_1'),(571,4,4,1,'PRIMI',0,14.9,'utente_1'),(572,4,5,1,'PRIMI',0,1.7,'utente_1'),(573,4,6,1,'PRIMI',0,0,'utente_1'),(574,4,1,2,'PRIMI',0,11.32,'utente_1'),(575,4,2,2,'PRIMI',0,19.77,'utente_1'),(576,4,3,2,'PRIMI',0,19.78,'utente_1'),(577,4,4,2,'PRIMI',0,14.9,'utente_1'),(578,4,5,2,'PRIMI',0,1.7,'utente_1'),(579,4,6,2,'PRIMI',0,0,'utente_1'),(580,4,1,3,'PRIMI',0,11.32,'utente_1'),(581,4,2,3,'PRIMI',0,19.77,'utente_1'),(582,4,3,3,'PRIMI',0,19.78,'utente_1'),(583,4,4,3,'PRIMI',0,14.9,'utente_1'),(584,4,5,3,'PRIMI',0,1.7,'utente_1'),(585,4,6,3,'PRIMI',0,0,'utente_1'),(586,4,1,4,'PRIMI',0,11.32,'utente_1'),(587,4,2,4,'PRIMI',0,19.77,'utente_1'),(588,4,3,4,'PRIMI',0,19.78,'utente_1'),(589,4,4,4,'PRIMI',0,14.9,'utente_1'),(590,4,5,4,'PRIMI',0,1.7,'utente_1'),(591,4,6,4,'PRIMI',0,0,'utente_1'),(592,4,1,5,'PRIMI',0,11.32,'utente_1'),(593,4,2,5,'PRIMI',0,19.77,'utente_1'),(594,4,3,5,'PRIMI',0,19.78,'utente_1'),(595,4,4,5,'PRIMI',0,14.9,'utente_1'),(596,4,5,5,'PRIMI',0,1.7,'utente_1'),(597,4,6,5,'PRIMI',0,0,'utente_1'),(598,4,1,6,'PRIMI',0,11.32,'utente_1'),(599,4,2,6,'PRIMI',0,19.77,'utente_1'),(600,4,3,6,'PRIMI',0,19.78,'utente_1'),(601,4,4,6,'PRIMI',0,14.9,'utente_1'),(602,4,5,6,'PRIMI',0,1.7,'utente_1'),(603,4,6,6,'PRIMI',0,0,'utente_1'),(604,4,1,7,'PRIMI',0,11.32,'utente_1'),(605,4,2,7,'PRIMI',0,19.77,'utente_1'),(606,4,3,7,'PRIMI',0,19.78,'utente_1'),(607,4,4,7,'PRIMI',0,14.9,'utente_1'),(608,4,5,7,'PRIMI',0,1.7,'utente_1'),(609,4,6,7,'PRIMI',0,0,'utente_1'),(610,4,1,1,'SECONDI',0,11.32,'utente_1'),(611,4,2,1,'SECONDI',0,19.77,'utente_1'),(612,4,3,1,'SECONDI',0,19.78,'utente_1'),(613,4,4,1,'SECONDI',0,14.9,'utente_1'),(614,4,5,1,'SECONDI',0,1.7,'utente_1'),(615,4,6,1,'SECONDI',0,0,'utente_1'),(616,4,1,2,'SECONDI',0,11.32,'utente_1'),(617,4,2,2,'SECONDI',0,19.77,'utente_1'),(618,4,3,2,'SECONDI',0,19.78,'utente_1'),(619,4,4,2,'SECONDI',0,14.9,'utente_1'),(620,4,5,2,'SECONDI',0,1.7,'utente_1'),(621,4,6,2,'SECONDI',0,0,'utente_1'),(622,4,1,3,'SECONDI',0,11.32,'utente_1'),(623,4,2,3,'SECONDI',0,19.77,'utente_1'),(624,4,3,3,'SECONDI',0,19.78,'utente_1'),(625,4,4,3,'SECONDI',0,14.9,'utente_1'),(626,4,5,3,'SECONDI',0,1.7,'utente_1'),(627,4,6,3,'SECONDI',0,0,'utente_1'),(628,4,1,4,'SECONDI',0,11.32,'utente_1'),(629,4,2,4,'SECONDI',0,19.77,'utente_1'),(630,4,3,4,'SECONDI',0,19.78,'utente_1'),(631,4,4,4,'SECONDI',0,14.9,'utente_1'),(632,4,5,4,'SECONDI',0,1.7,'utente_1'),(633,4,6,4,'SECONDI',0,0,'utente_1'),(634,4,1,5,'SECONDI',0,11.32,'utente_1'),(635,4,2,5,'SECONDI',0,19.77,'utente_1'),(636,4,3,5,'SECONDI',0,19.78,'utente_1'),(637,4,4,5,'SECONDI',0,14.9,'utente_1'),(638,4,5,5,'SECONDI',0,1.7,'utente_1'),(639,4,6,5,'SECONDI',0,0,'utente_1'),(640,4,1,6,'SECONDI',0,11.32,'utente_1'),(641,4,2,6,'SECONDI',0,19.77,'utente_1'),(642,4,3,6,'SECONDI',0,19.78,'utente_1'),(643,4,4,6,'SECONDI',0,14.9,'utente_1'),(644,4,5,6,'SECONDI',0,1.7,'utente_1'),(645,4,6,6,'SECONDI',0,0,'utente_1'),(646,4,1,7,'SECONDI',0,11.32,'utente_1'),(647,4,2,7,'SECONDI',0,19.77,'utente_1'),(648,4,3,7,'SECONDI',0,19.78,'utente_1'),(649,4,4,7,'SECONDI',0,14.9,'utente_1'),(650,4,5,7,'SECONDI',0,1.7,'utente_1'),(651,4,6,7,'SECONDI',0,0,'utente_1'),(652,4,1,1,'PIZZERIA',0,11.32,'utente_1'),(653,4,2,1,'PIZZERIA',0,19.77,'utente_1'),(654,4,3,1,'PIZZERIA',0,19.78,'utente_1'),(655,4,4,1,'PIZZERIA',0,14.9,'utente_1'),(656,4,5,1,'PIZZERIA',0,1.7,'utente_1'),(657,4,6,1,'PIZZERIA',0,0,'utente_1'),(658,4,1,2,'PIZZERIA',0,11.32,'utente_1'),(659,4,2,2,'PIZZERIA',0,19.77,'utente_1'),(660,4,3,2,'PIZZERIA',0,19.78,'utente_1'),(661,4,4,2,'PIZZERIA',0,14.9,'utente_1'),(662,4,5,2,'PIZZERIA',0,1.7,'utente_1'),(663,4,6,2,'PIZZERIA',0,0,'utente_1'),(664,4,1,3,'PIZZERIA',0,11.32,'utente_1'),(665,4,2,3,'PIZZERIA',0,19.77,'utente_1'),(666,4,3,3,'PIZZERIA',0,19.78,'utente_1'),(667,4,4,3,'PIZZERIA',0,14.9,'utente_1'),(668,4,5,3,'PIZZERIA',0,1.7,'utente_1'),(669,4,6,3,'PIZZERIA',0,0,'utente_1'),(670,4,1,4,'PIZZERIA',0,11.32,'utente_1'),(671,4,2,4,'PIZZERIA',0,19.77,'utente_1'),(672,4,3,4,'PIZZERIA',0,19.78,'utente_1'),(673,4,4,4,'PIZZERIA',0,14.9,'utente_1'),(674,4,5,4,'PIZZERIA',0,1.7,'utente_1'),(675,4,6,4,'PIZZERIA',0,0,'utente_1'),(676,4,1,5,'PIZZERIA',0,11.32,'utente_1'),(677,4,2,5,'PIZZERIA',0,19.77,'utente_1'),(678,4,3,5,'PIZZERIA',0,19.78,'utente_1'),(679,4,4,5,'PIZZERIA',0,14.9,'utente_1'),(680,4,5,5,'PIZZERIA',0,1.7,'utente_1'),(681,4,6,5,'PIZZERIA',0,0,'utente_1'),(682,4,1,6,'PIZZERIA',0,11.32,'utente_1'),(683,4,2,6,'PIZZERIA',0,19.77,'utente_1'),(684,4,3,6,'PIZZERIA',0,19.78,'utente_1'),(685,4,4,6,'PIZZERIA',0,14.9,'utente_1'),(686,4,5,6,'PIZZERIA',0,1.7,'utente_1'),(687,4,6,6,'PIZZERIA',0,0,'utente_1'),(688,4,1,7,'PIZZERIA',0,11.32,'utente_1'),(689,4,2,7,'PIZZERIA',0,19.77,'utente_1'),(690,4,3,7,'PIZZERIA',0,19.78,'utente_1'),(691,4,4,7,'PIZZERIA',0,14.9,'utente_1'),(692,4,5,7,'PIZZERIA',0,1.7,'utente_1'),(693,4,6,7,'PIZZERIA',0,0,'utente_1'),(694,4,1,1,'PESCE',0,11.32,'utente_1'),(695,4,2,1,'PESCE',0,19.77,'utente_1'),(696,4,4,1,'PESCE',0,14.9,'utente_1'),(697,4,5,1,'PESCE',0,1.7,'utente_1'),(698,4,6,1,'PESCE',0,0,'utente_1'),(699,4,1,2,'PESCE',0,11.32,'utente_1'),(700,4,2,2,'PESCE',0,19.77,'utente_1'),(701,4,4,2,'PESCE',0,14.9,'utente_1'),(702,4,5,2,'PESCE',0,1.7,'utente_1'),(703,4,6,2,'PESCE',0,0,'utente_1'),(704,4,1,3,'PESCE',0,11.32,'utente_1'),(705,4,2,3,'PESCE',0,19.77,'utente_1'),(706,4,4,3,'PESCE',0,14.9,'utente_1'),(707,4,5,3,'PESCE',0,1.7,'utente_1'),(708,4,6,3,'PESCE',0,0,'utente_1'),(709,4,1,4,'PESCE',0,11.32,'utente_1'),(710,4,2,4,'PESCE',0,19.77,'utente_1'),(711,4,4,4,'PESCE',0,14.9,'utente_1'),(712,4,5,4,'PESCE',0,1.7,'utente_1'),(713,4,6,4,'PESCE',0,0,'utente_1'),(714,4,1,5,'PESCE',0,11.32,'utente_1'),(715,4,2,5,'PESCE',0,19.77,'utente_1'),(716,4,4,5,'PESCE',0,14.9,'utente_1'),(717,4,5,5,'PESCE',0,1.7,'utente_1'),(718,4,6,5,'PESCE',0,0,'utente_1'),(719,4,1,6,'PESCE',0,11.32,'utente_1'),(720,4,2,6,'PESCE',0,19.77,'utente_1'),(721,4,4,6,'PESCE',0,14.9,'utente_1'),(722,4,5,6,'PESCE',0,1.7,'utente_1'),(723,4,6,6,'PESCE',0,0,'utente_1'),(724,4,1,7,'PESCE',0,11.32,'utente_1'),(725,4,2,7,'PESCE',0,19.77,'utente_1'),(726,4,4,7,'PESCE',0,14.9,'utente_1'),(727,4,5,7,'PESCE',0,1.7,'utente_1'),(728,4,6,7,'PESCE',0,0,'utente_1'),(729,5,1,1,'ANTIPASTI',0,11.09,'utente_1'),(730,5,1,1,'ANTIPASTI',0,11.32,'utente_1'),(731,5,2,1,'ANTIPASTI',0,19.77,'utente_1'),(732,5,4,1,'ANTIPASTI',0,14.9,'utente_1'),(733,5,5,1,'ANTIPASTI',0,1.7,'utente_1'),(734,5,6,1,'ANTIPASTI',0,0,'utente_1'),(735,5,1,4,'ANTIPASTI',0,11.32,'utente_1'),(736,5,2,4,'ANTIPASTI',0,19.77,'utente_1'),(737,5,4,4,'ANTIPASTI',0,14.9,'utente_1'),(738,5,5,4,'ANTIPASTI',0,1.7,'utente_1'),(739,5,6,4,'ANTIPASTI',0,0,'utente_1'),(740,5,1,5,'ANTIPASTI',0,11.32,'utente_1'),(741,5,2,5,'ANTIPASTI',0,19.77,'utente_1'),(742,5,4,5,'ANTIPASTI',0,14.9,'utente_1'),(743,5,5,5,'ANTIPASTI',0,1.7,'utente_1'),(744,5,6,5,'ANTIPASTI',0,0,'utente_1'),(745,5,1,6,'ANTIPASTI',0,11.32,'utente_1'),(746,5,2,6,'ANTIPASTI',0,19.77,'utente_1'),(747,5,4,6,'ANTIPASTI',0,14.9,'utente_1'),(748,5,5,6,'ANTIPASTI',0,1.7,'utente_1'),(749,5,6,6,'ANTIPASTI',0,0,'utente_1'),(750,5,1,1,'PRIMI',0,11.32,'utente_1'),(751,5,2,1,'PRIMI',0,19.77,'utente_1'),(752,5,3,1,'PRIMI',0,19.78,'utente_1'),(753,5,4,1,'PRIMI',0,14.9,'utente_1'),(754,5,5,1,'PRIMI',0,1.7,'utente_1'),(755,5,6,1,'PRIMI',0,0,'utente_1'),(756,5,1,2,'PRIMI',0,11.32,'utente_1'),(757,5,2,2,'PRIMI',0,19.77,'utente_1'),(758,5,3,2,'PRIMI',0,19.78,'utente_1'),(759,5,4,2,'PRIMI',0,14.9,'utente_1'),(760,5,5,2,'PRIMI',0,1.7,'utente_1'),(761,5,6,2,'PRIMI',0,0,'utente_1'),(762,5,1,3,'PRIMI',0,11.32,'utente_1'),(763,5,2,3,'PRIMI',0,19.77,'utente_1'),(764,5,3,3,'PRIMI',0,19.78,'utente_1'),(765,5,4,3,'PRIMI',0,14.9,'utente_1'),(766,5,5,3,'PRIMI',0,1.7,'utente_1'),(767,5,6,3,'PRIMI',0,0,'utente_1'),(768,5,1,4,'PRIMI',0,11.32,'utente_1'),(769,5,2,4,'PRIMI',0,19.77,'utente_1'),(770,5,3,4,'PRIMI',0,19.78,'utente_1'),(771,5,4,4,'PRIMI',0,14.9,'utente_1'),(772,5,5,4,'PRIMI',0,1.7,'utente_1'),(773,5,6,4,'PRIMI',0,0,'utente_1'),(774,5,1,5,'PRIMI',0,11.32,'utente_1'),(775,5,2,5,'PRIMI',0,19.77,'utente_1'),(776,5,3,5,'PRIMI',0,19.78,'utente_1'),(777,5,4,5,'PRIMI',0,14.9,'utente_1'),(778,5,5,5,'PRIMI',0,1.7,'utente_1'),(779,5,6,5,'PRIMI',0,0,'utente_1'),(780,5,1,6,'PRIMI',0,11.32,'utente_1'),(781,5,2,6,'PRIMI',0,19.77,'utente_1'),(782,5,3,6,'PRIMI',0,19.78,'utente_1'),(783,5,4,6,'PRIMI',0,14.9,'utente_1'),(784,5,5,6,'PRIMI',0,1.7,'utente_1'),(785,5,6,6,'PRIMI',0,0,'utente_1'),(786,5,1,7,'PRIMI',0,11.32,'utente_1'),(787,5,2,7,'PRIMI',0,19.77,'utente_1'),(788,5,3,7,'PRIMI',0,19.78,'utente_1'),(789,5,4,7,'PRIMI',0,14.9,'utente_1'),(790,5,5,7,'PRIMI',0,1.7,'utente_1'),(791,5,6,7,'PRIMI',0,0,'utente_1'),(792,5,1,1,'SECONDI',0,11.32,'utente_1'),(793,5,2,1,'SECONDI',0,19.77,'utente_1'),(794,5,3,1,'SECONDI',0,19.78,'utente_1'),(795,5,4,1,'SECONDI',0,14.9,'utente_1'),(796,5,5,1,'SECONDI',0,1.7,'utente_1'),(797,5,6,1,'SECONDI',0,0,'utente_1'),(798,5,1,2,'SECONDI',0,11.32,'utente_1'),(799,5,2,2,'SECONDI',0,19.77,'utente_1'),(800,5,3,2,'SECONDI',0,19.78,'utente_1'),(801,5,4,2,'SECONDI',0,14.9,'utente_1'),(802,5,5,2,'SECONDI',0,1.7,'utente_1'),(803,5,6,2,'SECONDI',0,0,'utente_1'),(804,5,1,3,'SECONDI',0,11.32,'utente_1'),(805,5,2,3,'SECONDI',0,19.77,'utente_1'),(806,5,3,3,'SECONDI',0,19.78,'utente_1'),(807,5,4,3,'SECONDI',0,14.9,'utente_1'),(808,5,5,3,'SECONDI',0,1.7,'utente_1'),(809,5,6,3,'SECONDI',0,0,'utente_1'),(810,5,1,4,'SECONDI',0,11.32,'utente_1'),(811,5,2,4,'SECONDI',0,19.77,'utente_1'),(812,5,3,4,'SECONDI',0,19.78,'utente_1'),(813,5,4,4,'SECONDI',0,14.9,'utente_1'),(814,5,5,4,'SECONDI',0,1.7,'utente_1'),(815,5,6,4,'SECONDI',0,0,'utente_1'),(816,5,1,5,'SECONDI',0,11.32,'utente_1'),(817,5,2,5,'SECONDI',0,19.77,'utente_1'),(818,5,3,5,'SECONDI',0,19.78,'utente_1'),(819,5,4,5,'SECONDI',0,14.9,'utente_1'),(820,5,5,5,'SECONDI',0,1.7,'utente_1'),(821,5,6,5,'SECONDI',0,0,'utente_1'),(822,5,1,6,'SECONDI',0,11.32,'utente_1'),(823,5,2,6,'SECONDI',0,19.77,'utente_1'),(824,5,3,6,'SECONDI',0,19.78,'utente_1'),(825,5,4,6,'SECONDI',0,14.9,'utente_1'),(826,5,5,6,'SECONDI',0,1.7,'utente_1'),(827,5,6,6,'SECONDI',0,0,'utente_1'),(828,5,1,7,'SECONDI',0,11.32,'utente_1'),(829,5,2,7,'SECONDI',0,19.77,'utente_1'),(830,5,3,7,'SECONDI',0,19.78,'utente_1'),(831,5,4,7,'SECONDI',0,14.9,'utente_1'),(832,5,5,7,'SECONDI',0,1.7,'utente_1'),(833,5,6,7,'SECONDI',0,0,'utente_1'),(834,5,1,1,'PIZZERIA',0,11.32,'utente_1'),(835,5,2,1,'PIZZERIA',0,19.77,'utente_1'),(836,5,3,1,'PIZZERIA',0,19.78,'utente_1'),(837,5,4,1,'PIZZERIA',0,14.9,'utente_1'),(838,5,5,1,'PIZZERIA',0,1.7,'utente_1'),(839,5,6,1,'PIZZERIA',0,0,'utente_1'),(840,5,1,2,'PIZZERIA',0,11.32,'utente_1'),(841,5,2,2,'PIZZERIA',0,19.77,'utente_1'),(842,5,3,2,'PIZZERIA',0,19.78,'utente_1'),(843,5,4,2,'PIZZERIA',0,14.9,'utente_1'),(844,5,5,2,'PIZZERIA',0,1.7,'utente_1'),(845,5,6,2,'PIZZERIA',0,0,'utente_1'),(846,5,1,3,'PIZZERIA',0,11.32,'utente_1'),(847,5,2,3,'PIZZERIA',0,19.77,'utente_1'),(848,5,3,3,'PIZZERIA',0,19.78,'utente_1'),(849,5,4,3,'PIZZERIA',0,14.9,'utente_1'),(850,5,5,3,'PIZZERIA',0,1.7,'utente_1'),(851,5,6,3,'PIZZERIA',0,0,'utente_1'),(852,5,1,4,'PIZZERIA',0,11.32,'utente_1'),(853,5,2,4,'PIZZERIA',0,19.77,'utente_1'),(854,5,3,4,'PIZZERIA',0,19.78,'utente_1'),(855,5,4,4,'PIZZERIA',0,14.9,'utente_1'),(856,5,5,4,'PIZZERIA',0,1.7,'utente_1'),(857,5,6,4,'PIZZERIA',0,0,'utente_1'),(858,5,1,5,'PIZZERIA',0,11.32,'utente_1'),(859,5,2,5,'PIZZERIA',0,19.77,'utente_1'),(860,5,3,5,'PIZZERIA',0,19.78,'utente_1'),(861,5,4,5,'PIZZERIA',0,14.9,'utente_1'),(862,5,5,5,'PIZZERIA',0,1.7,'utente_1'),(863,5,6,5,'PIZZERIA',0,0,'utente_1'),(864,5,1,6,'PIZZERIA',0,11.32,'utente_1'),(865,5,2,6,'PIZZERIA',0,19.77,'utente_1'),(866,5,3,6,'PIZZERIA',0,19.78,'utente_1'),(867,5,4,6,'PIZZERIA',0,14.9,'utente_1'),(868,5,5,6,'PIZZERIA',0,1.7,'utente_1'),(869,5,6,6,'PIZZERIA',0,0,'utente_1'),(870,5,1,7,'PIZZERIA',0,11.32,'utente_1'),(871,5,2,7,'PIZZERIA',0,19.77,'utente_1'),(872,5,3,7,'PIZZERIA',0,19.78,'utente_1'),(873,5,4,7,'PIZZERIA',0,14.9,'utente_1'),(874,5,5,7,'PIZZERIA',0,1.7,'utente_1'),(875,5,6,7,'PIZZERIA',0,0,'utente_1'),(876,5,1,1,'PESCE',0,11.32,'utente_1'),(877,5,2,1,'PESCE',0,19.77,'utente_1'),(878,5,4,1,'PESCE',0,14.9,'utente_1'),(879,5,5,1,'PESCE',0,1.7,'utente_1'),(880,5,6,1,'PESCE',0,0,'utente_1'),(881,5,1,2,'PESCE',0,11.32,'utente_1'),(882,5,2,2,'PESCE',0,19.77,'utente_1'),(883,5,4,2,'PESCE',0,14.9,'utente_1'),(884,5,5,2,'PESCE',0,1.7,'utente_1'),(885,5,6,2,'PESCE',0,0,'utente_1'),(886,5,1,3,'PESCE',0,11.32,'utente_1'),(887,5,2,3,'PESCE',0,19.77,'utente_1'),(888,5,4,3,'PESCE',0,14.9,'utente_1'),(889,5,5,3,'PESCE',0,1.7,'utente_1'),(890,5,6,3,'PESCE',0,0,'utente_1'),(891,5,1,4,'PESCE',0,11.32,'utente_1'),(892,5,2,4,'PESCE',0,19.77,'utente_1'),(893,5,4,4,'PESCE',0,14.9,'utente_1'),(894,5,5,4,'PESCE',0,1.7,'utente_1'),(895,5,6,4,'PESCE',0,0,'utente_1'),(896,5,1,5,'PESCE',0,11.32,'utente_1'),(897,5,2,5,'PESCE',0,19.77,'utente_1'),(898,5,4,5,'PESCE',0,14.9,'utente_1'),(899,5,5,5,'PESCE',0,1.7,'utente_1'),(900,5,6,5,'PESCE',0,0,'utente_1'),(901,5,1,6,'PESCE',0,11.32,'utente_1'),(902,5,2,6,'PESCE',0,19.77,'utente_1'),(903,5,4,6,'PESCE',0,14.9,'utente_1'),(904,5,5,6,'PESCE',0,1.7,'utente_1'),(905,5,6,6,'PESCE',0,0,'utente_1'),(906,5,1,7,'PESCE',0,11.32,'utente_1'),(907,5,2,7,'PESCE',0,19.77,'utente_1'),(908,5,4,7,'PESCE',0,14.9,'utente_1'),(909,5,5,7,'PESCE',0,1.7,'utente_1'),(910,5,6,7,'PESCE',0,0,'utente_1'),(911,6,1,1,'ANTIPASTI',0,11.09,'utente_1'),(912,6,1,1,'ANTIPASTI',0,11.32,'utente_1'),(913,6,2,1,'ANTIPASTI',0,19.77,'utente_1'),(914,6,4,1,'ANTIPASTI',0,14.9,'utente_1'),(915,6,5,1,'ANTIPASTI',0,1.7,'utente_1'),(916,6,6,1,'ANTIPASTI',0,0,'utente_1'),(917,6,1,4,'ANTIPASTI',0,11.32,'utente_1'),(918,6,2,4,'ANTIPASTI',0,19.77,'utente_1'),(919,6,4,4,'ANTIPASTI',0,14.9,'utente_1'),(920,6,5,4,'ANTIPASTI',0,1.7,'utente_1'),(921,6,6,4,'ANTIPASTI',0,0,'utente_1'),(922,6,1,5,'ANTIPASTI',0,11.32,'utente_1'),(923,6,2,5,'ANTIPASTI',0,19.77,'utente_1'),(924,6,4,5,'ANTIPASTI',0,14.9,'utente_1'),(925,6,5,5,'ANTIPASTI',0,1.7,'utente_1'),(926,6,6,5,'ANTIPASTI',0,0,'utente_1'),(927,6,1,6,'ANTIPASTI',0,11.32,'utente_1'),(928,6,2,6,'ANTIPASTI',0,19.77,'utente_1'),(929,6,4,6,'ANTIPASTI',0,14.9,'utente_1'),(930,6,5,6,'ANTIPASTI',0,1.7,'utente_1'),(931,6,6,6,'ANTIPASTI',0,0,'utente_1'),(932,6,1,1,'PRIMI',0,11.32,'utente_1'),(933,6,2,1,'PRIMI',0,19.77,'utente_1'),(934,6,3,1,'PRIMI',0,19.78,'utente_1'),(935,6,4,1,'PRIMI',0,14.9,'utente_1'),(936,6,5,1,'PRIMI',0,1.7,'utente_1'),(937,6,6,1,'PRIMI',0,0,'utente_1'),(938,6,1,2,'PRIMI',0,11.32,'utente_1'),(939,6,2,2,'PRIMI',0,19.77,'utente_1'),(940,6,3,2,'PRIMI',0,19.78,'utente_1'),(941,6,4,2,'PRIMI',0,14.9,'utente_1'),(942,6,5,2,'PRIMI',0,1.7,'utente_1'),(943,6,6,2,'PRIMI',0,0,'utente_1'),(944,6,1,3,'PRIMI',0,11.32,'utente_1'),(945,6,2,3,'PRIMI',0,19.77,'utente_1'),(946,6,3,3,'PRIMI',0,19.78,'utente_1'),(947,6,4,3,'PRIMI',0,14.9,'utente_1'),(948,6,5,3,'PRIMI',0,1.7,'utente_1'),(949,6,6,3,'PRIMI',0,0,'utente_1'),(950,6,1,4,'PRIMI',0,11.32,'utente_1'),(951,6,2,4,'PRIMI',0,19.77,'utente_1'),(952,6,3,4,'PRIMI',0,19.78,'utente_1'),(953,6,4,4,'PRIMI',0,14.9,'utente_1'),(954,6,5,4,'PRIMI',0,1.7,'utente_1'),(955,6,6,4,'PRIMI',0,0,'utente_1'),(956,6,1,5,'PRIMI',0,11.32,'utente_1'),(957,6,2,5,'PRIMI',0,19.77,'utente_1'),(958,6,3,5,'PRIMI',0,19.78,'utente_1'),(959,6,4,5,'PRIMI',0,14.9,'utente_1'),(960,6,5,5,'PRIMI',0,1.7,'utente_1'),(961,6,6,5,'PRIMI',0,0,'utente_1'),(962,6,1,6,'PRIMI',0,11.32,'utente_1'),(963,6,2,6,'PRIMI',0,19.77,'utente_1'),(964,6,3,6,'PRIMI',0,19.78,'utente_1'),(965,6,4,6,'PRIMI',0,14.9,'utente_1'),(966,6,5,6,'PRIMI',0,1.7,'utente_1'),(967,6,6,6,'PRIMI',0,0,'utente_1'),(968,6,1,7,'PRIMI',0,11.32,'utente_1'),(969,6,2,7,'PRIMI',0,19.77,'utente_1'),(970,6,3,7,'PRIMI',0,19.78,'utente_1'),(971,6,4,7,'PRIMI',0,14.9,'utente_1'),(972,6,5,7,'PRIMI',0,1.7,'utente_1'),(973,6,6,7,'PRIMI',0,0,'utente_1'),(974,6,1,1,'SECONDI',0,11.32,'utente_1'),(975,6,2,1,'SECONDI',0,19.77,'utente_1'),(976,6,3,1,'SECONDI',0,19.78,'utente_1'),(977,6,4,1,'SECONDI',0,14.9,'utente_1'),(978,6,5,1,'SECONDI',0,1.7,'utente_1'),(979,6,6,1,'SECONDI',0,0,'utente_1'),(980,6,1,2,'SECONDI',0,11.32,'utente_1'),(981,6,2,2,'SECONDI',0,19.77,'utente_1'),(982,6,3,2,'SECONDI',0,19.78,'utente_1'),(983,6,4,2,'SECONDI',0,14.9,'utente_1'),(984,6,5,2,'SECONDI',0,1.7,'utente_1'),(985,6,6,2,'SECONDI',0,0,'utente_1'),(986,6,1,3,'SECONDI',0,11.32,'utente_1'),(987,6,2,3,'SECONDI',0,19.77,'utente_1'),(988,6,3,3,'SECONDI',0,19.78,'utente_1'),(989,6,4,3,'SECONDI',0,14.9,'utente_1'),(990,6,5,3,'SECONDI',0,1.7,'utente_1'),(991,6,6,3,'SECONDI',0,0,'utente_1'),(992,6,1,4,'SECONDI',0,11.32,'utente_1'),(993,6,2,4,'SECONDI',0,19.77,'utente_1'),(994,6,3,4,'SECONDI',0,19.78,'utente_1'),(995,6,4,4,'SECONDI',0,14.9,'utente_1'),(996,6,5,4,'SECONDI',0,1.7,'utente_1'),(997,6,6,4,'SECONDI',0,0,'utente_1'),(998,6,1,5,'SECONDI',0,11.32,'utente_1'),(999,6,2,5,'SECONDI',0,19.77,'utente_1'),(1000,6,3,5,'SECONDI',0,19.78,'utente_1'),(1001,6,4,5,'SECONDI',0,14.9,'utente_1'),(1002,6,5,5,'SECONDI',0,1.7,'utente_1'),(1003,6,6,5,'SECONDI',0,0,'utente_1'),(1004,6,1,6,'SECONDI',0,11.32,'utente_1'),(1005,6,2,6,'SECONDI',0,19.77,'utente_1'),(1006,6,3,6,'SECONDI',0,19.78,'utente_1'),(1007,6,4,6,'SECONDI',0,14.9,'utente_1'),(1008,6,5,6,'SECONDI',0,1.7,'utente_1'),(1009,6,6,6,'SECONDI',0,0,'utente_1'),(1010,6,1,7,'SECONDI',0,11.32,'utente_1'),(1011,6,2,7,'SECONDI',0,19.77,'utente_1'),(1012,6,3,7,'SECONDI',0,19.78,'utente_1'),(1013,6,4,7,'SECONDI',0,14.9,'utente_1'),(1014,6,5,7,'SECONDI',0,1.7,'utente_1'),(1015,6,6,7,'SECONDI',0,0,'utente_1'),(1016,6,1,1,'PIZZERIA',0,11.32,'utente_1'),(1017,6,2,1,'PIZZERIA',0,19.77,'utente_1'),(1018,6,3,1,'PIZZERIA',0,19.78,'utente_1'),(1019,6,4,1,'PIZZERIA',0,14.9,'utente_1'),(1020,6,5,1,'PIZZERIA',0,1.7,'utente_1'),(1021,6,6,1,'PIZZERIA',0,0,'utente_1'),(1022,6,1,2,'PIZZERIA',0,11.32,'utente_1'),(1023,6,2,2,'PIZZERIA',0,19.77,'utente_1'),(1024,6,3,2,'PIZZERIA',0,19.78,'utente_1'),(1025,6,4,2,'PIZZERIA',0,14.9,'utente_1'),(1026,6,5,2,'PIZZERIA',0,1.7,'utente_1'),(1027,6,6,2,'PIZZERIA',0,0,'utente_1'),(1028,6,1,3,'PIZZERIA',0,11.32,'utente_1'),(1029,6,2,3,'PIZZERIA',0,19.77,'utente_1'),(1030,6,3,3,'PIZZERIA',0,19.78,'utente_1'),(1031,6,4,3,'PIZZERIA',0,14.9,'utente_1'),(1032,6,5,3,'PIZZERIA',0,1.7,'utente_1'),(1033,6,6,3,'PIZZERIA',0,0,'utente_1'),(1034,6,1,4,'PIZZERIA',0,11.32,'utente_1'),(1035,6,2,4,'PIZZERIA',0,19.77,'utente_1'),(1036,6,3,4,'PIZZERIA',0,19.78,'utente_1'),(1037,6,4,4,'PIZZERIA',0,14.9,'utente_1'),(1038,6,5,4,'PIZZERIA',0,1.7,'utente_1'),(1039,6,6,4,'PIZZERIA',0,0,'utente_1'),(1040,6,1,5,'PIZZERIA',0,11.32,'utente_1'),(1041,6,2,5,'PIZZERIA',0,19.77,'utente_1'),(1042,6,3,5,'PIZZERIA',0,19.78,'utente_1'),(1043,6,4,5,'PIZZERIA',0,14.9,'utente_1'),(1044,6,5,5,'PIZZERIA',0,1.7,'utente_1'),(1045,6,6,5,'PIZZERIA',0,0,'utente_1'),(1046,6,1,6,'PIZZERIA',0,11.32,'utente_1'),(1047,6,2,6,'PIZZERIA',0,19.77,'utente_1'),(1048,6,3,6,'PIZZERIA',0,19.78,'utente_1'),(1049,6,4,6,'PIZZERIA',0,14.9,'utente_1'),(1050,6,5,6,'PIZZERIA',0,1.7,'utente_1'),(1051,6,6,6,'PIZZERIA',0,0,'utente_1'),(1052,6,1,7,'PIZZERIA',0,11.32,'utente_1'),(1053,6,2,7,'PIZZERIA',0,19.77,'utente_1'),(1054,6,3,7,'PIZZERIA',0,19.78,'utente_1'),(1055,6,4,7,'PIZZERIA',0,14.9,'utente_1'),(1056,6,5,7,'PIZZERIA',0,1.7,'utente_1'),(1057,6,6,7,'PIZZERIA',0,0,'utente_1'),(1058,6,1,1,'PESCE',0,11.32,'utente_1'),(1059,6,2,1,'PESCE',0,19.77,'utente_1'),(1060,6,4,1,'PESCE',0,14.9,'utente_1'),(1061,6,5,1,'PESCE',0,1.7,'utente_1'),(1062,6,6,1,'PESCE',0,0,'utente_1'),(1063,6,1,2,'PESCE',0,11.32,'utente_1'),(1064,6,2,2,'PESCE',0,19.77,'utente_1'),(1065,6,4,2,'PESCE',0,14.9,'utente_1'),(1066,6,5,2,'PESCE',0,1.7,'utente_1'),(1067,6,6,2,'PESCE',0,0,'utente_1'),(1068,6,1,3,'PESCE',0,11.32,'utente_1'),(1069,6,2,3,'PESCE',0,19.77,'utente_1'),(1070,6,4,3,'PESCE',0,14.9,'utente_1'),(1071,6,5,3,'PESCE',0,1.7,'utente_1'),(1072,6,6,3,'PESCE',0,0,'utente_1'),(1073,6,1,4,'PESCE',0,11.32,'utente_1'),(1074,6,2,4,'PESCE',0,19.77,'utente_1'),(1075,6,4,4,'PESCE',0,14.9,'utente_1'),(1076,6,5,4,'PESCE',0,1.7,'utente_1'),(1077,6,6,4,'PESCE',0,0,'utente_1'),(1078,6,1,5,'PESCE',0,11.32,'utente_1'),(1079,6,2,5,'PESCE',0,19.77,'utente_1'),(1080,6,4,5,'PESCE',0,14.9,'utente_1'),(1081,6,5,5,'PESCE',0,1.7,'utente_1'),(1082,6,6,5,'PESCE',0,0,'utente_1'),(1083,6,1,6,'PESCE',0,11.32,'utente_1'),(1084,6,2,6,'PESCE',0,19.77,'utente_1'),(1085,6,4,6,'PESCE',0,14.9,'utente_1'),(1086,6,5,6,'PESCE',0,1.7,'utente_1'),(1087,6,6,6,'PESCE',0,0,'utente_1'),(1088,6,1,7,'PESCE',0,11.32,'utente_1'),(1089,6,2,7,'PESCE',0,19.77,'utente_1'),(1090,6,4,7,'PESCE',0,14.9,'utente_1'),(1091,6,5,7,'PESCE',0,1.7,'utente_1'),(1092,6,6,7,'PESCE',0,0,'utente_1'),(1093,7,1,1,'ANTIPASTI',0,11.09,'utente_1'),(1094,7,1,1,'ANTIPASTI',0,11.32,'utente_1'),(1095,7,2,1,'ANTIPASTI',0,19.77,'utente_1'),(1096,7,4,1,'ANTIPASTI',0,14.9,'utente_1'),(1097,7,5,1,'ANTIPASTI',0,1.7,'utente_1'),(1098,7,6,1,'ANTIPASTI',0,0,'utente_1'),(1099,7,1,4,'ANTIPASTI',0,11.32,'utente_1'),(1100,7,2,4,'ANTIPASTI',0,19.77,'utente_1'),(1101,7,4,4,'ANTIPASTI',0,14.9,'utente_1'),(1102,7,5,4,'ANTIPASTI',0,1.7,'utente_1'),(1103,7,6,4,'ANTIPASTI',0,0,'utente_1'),(1104,7,1,5,'ANTIPASTI',0,11.32,'utente_1'),(1105,7,2,5,'ANTIPASTI',0,19.77,'utente_1'),(1106,7,4,5,'ANTIPASTI',0,14.9,'utente_1'),(1107,7,5,5,'ANTIPASTI',0,1.7,'utente_1'),(1108,7,6,5,'ANTIPASTI',0,0,'utente_1'),(1109,7,1,6,'ANTIPASTI',0,11.32,'utente_1'),(1110,7,2,6,'ANTIPASTI',0,19.77,'utente_1'),(1111,7,4,6,'ANTIPASTI',0,14.9,'utente_1'),(1112,7,5,6,'ANTIPASTI',0,1.7,'utente_1'),(1113,7,6,6,'ANTIPASTI',0,0,'utente_1'),(1114,7,1,1,'PRIMI',0,11.32,'utente_1'),(1115,7,2,1,'PRIMI',0,19.77,'utente_1'),(1116,7,3,1,'PRIMI',0,19.78,'utente_1'),(1117,7,4,1,'PRIMI',0,14.9,'utente_1'),(1118,7,5,1,'PRIMI',0,1.7,'utente_1'),(1119,7,6,1,'PRIMI',0,0,'utente_1'),(1120,7,1,2,'PRIMI',0,11.32,'utente_1'),(1121,7,2,2,'PRIMI',0,19.77,'utente_1'),(1122,7,3,2,'PRIMI',0,19.78,'utente_1'),(1123,7,4,2,'PRIMI',0,14.9,'utente_1'),(1124,7,5,2,'PRIMI',0,1.7,'utente_1'),(1125,7,6,2,'PRIMI',0,0,'utente_1'),(1126,7,1,3,'PRIMI',0,11.32,'utente_1'),(1127,7,2,3,'PRIMI',0,19.77,'utente_1'),(1128,7,3,3,'PRIMI',0,19.78,'utente_1'),(1129,7,4,3,'PRIMI',0,14.9,'utente_1'),(1130,7,5,3,'PRIMI',0,1.7,'utente_1'),(1131,7,6,3,'PRIMI',0,0,'utente_1'),(1132,7,1,4,'PRIMI',0,11.32,'utente_1'),(1133,7,2,4,'PRIMI',0,19.77,'utente_1'),(1134,7,3,4,'PRIMI',0,19.78,'utente_1'),(1135,7,4,4,'PRIMI',0,14.9,'utente_1'),(1136,7,5,4,'PRIMI',0,1.7,'utente_1'),(1137,7,6,4,'PRIMI',0,0,'utente_1'),(1138,7,1,5,'PRIMI',0,11.32,'utente_1'),(1139,7,2,5,'PRIMI',0,19.77,'utente_1'),(1140,7,3,5,'PRIMI',0,19.78,'utente_1'),(1141,7,4,5,'PRIMI',0,14.9,'utente_1'),(1142,7,5,5,'PRIMI',0,1.7,'utente_1'),(1143,7,6,5,'PRIMI',0,0,'utente_1'),(1144,7,1,6,'PRIMI',0,11.32,'utente_1'),(1145,7,2,6,'PRIMI',0,19.77,'utente_1'),(1146,7,3,6,'PRIMI',0,19.78,'utente_1'),(1147,7,4,6,'PRIMI',0,14.9,'utente_1'),(1148,7,5,6,'PRIMI',0,1.7,'utente_1'),(1149,7,6,6,'PRIMI',0,0,'utente_1'),(1150,7,1,7,'PRIMI',0,11.32,'utente_1'),(1151,7,2,7,'PRIMI',0,19.77,'utente_1'),(1152,7,3,7,'PRIMI',0,19.78,'utente_1'),(1153,7,4,7,'PRIMI',0,14.9,'utente_1'),(1154,7,5,7,'PRIMI',0,1.7,'utente_1'),(1155,7,6,7,'PRIMI',0,0,'utente_1'),(1156,7,1,1,'SECONDI',0,11.32,'utente_1'),(1157,7,2,1,'SECONDI',0,19.77,'utente_1'),(1158,7,3,1,'SECONDI',0,19.78,'utente_1'),(1159,7,4,1,'SECONDI',0,14.9,'utente_1'),(1160,7,5,1,'SECONDI',0,1.7,'utente_1'),(1161,7,6,1,'SECONDI',0,0,'utente_1'),(1162,7,1,2,'SECONDI',0,11.32,'utente_1'),(1163,7,2,2,'SECONDI',0,19.77,'utente_1'),(1164,7,3,2,'SECONDI',0,19.78,'utente_1'),(1165,7,4,2,'SECONDI',0,14.9,'utente_1'),(1166,7,5,2,'SECONDI',0,1.7,'utente_1'),(1167,7,6,2,'SECONDI',0,0,'utente_1'),(1168,7,1,3,'SECONDI',0,11.32,'utente_1'),(1169,7,2,3,'SECONDI',0,19.77,'utente_1'),(1170,7,3,3,'SECONDI',0,19.78,'utente_1'),(1171,7,4,3,'SECONDI',0,14.9,'utente_1'),(1172,7,5,3,'SECONDI',0,1.7,'utente_1'),(1173,7,6,3,'SECONDI',0,0,'utente_1'),(1174,7,1,4,'SECONDI',0,11.32,'utente_1'),(1175,7,2,4,'SECONDI',0,19.77,'utente_1'),(1176,7,3,4,'SECONDI',0,19.78,'utente_1'),(1177,7,4,4,'SECONDI',0,14.9,'utente_1'),(1178,7,5,4,'SECONDI',0,1.7,'utente_1'),(1179,7,6,4,'SECONDI',0,0,'utente_1'),(1180,7,1,5,'SECONDI',0,11.32,'utente_1'),(1181,7,2,5,'SECONDI',0,19.77,'utente_1'),(1182,7,3,5,'SECONDI',0,19.78,'utente_1'),(1183,7,4,5,'SECONDI',0,14.9,'utente_1'),(1184,7,5,5,'SECONDI',0,1.7,'utente_1'),(1185,7,6,5,'SECONDI',0,0,'utente_1'),(1186,7,1,6,'SECONDI',0,11.32,'utente_1'),(1187,7,2,6,'SECONDI',0,19.77,'utente_1'),(1188,7,3,6,'SECONDI',0,19.78,'utente_1'),(1189,7,4,6,'SECONDI',0,14.9,'utente_1'),(1190,7,5,6,'SECONDI',0,1.7,'utente_1'),(1191,7,6,6,'SECONDI',0,0,'utente_1'),(1192,7,1,7,'SECONDI',0,11.32,'utente_1'),(1193,7,2,7,'SECONDI',0,19.77,'utente_1'),(1194,7,3,7,'SECONDI',0,19.78,'utente_1'),(1195,7,4,7,'SECONDI',0,14.9,'utente_1'),(1196,7,5,7,'SECONDI',0,1.7,'utente_1'),(1197,7,6,7,'SECONDI',0,0,'utente_1'),(1198,7,1,1,'PIZZERIA',0,11.32,'utente_1'),(1199,7,2,1,'PIZZERIA',0,19.77,'utente_1'),(1200,7,3,1,'PIZZERIA',0,19.78,'utente_1'),(1201,7,4,1,'PIZZERIA',0,14.9,'utente_1'),(1202,7,5,1,'PIZZERIA',0,1.7,'utente_1'),(1203,7,6,1,'PIZZERIA',0,0,'utente_1'),(1204,7,1,2,'PIZZERIA',0,11.32,'utente_1'),(1205,7,2,2,'PIZZERIA',0,19.77,'utente_1'),(1206,7,3,2,'PIZZERIA',0,19.78,'utente_1'),(1207,7,4,2,'PIZZERIA',0,14.9,'utente_1'),(1208,7,5,2,'PIZZERIA',0,1.7,'utente_1'),(1209,7,6,2,'PIZZERIA',0,0,'utente_1'),(1210,7,1,3,'PIZZERIA',0,11.32,'utente_1'),(1211,7,2,3,'PIZZERIA',0,19.77,'utente_1'),(1212,7,3,3,'PIZZERIA',0,19.78,'utente_1'),(1213,7,4,3,'PIZZERIA',0,14.9,'utente_1'),(1214,7,5,3,'PIZZERIA',0,1.7,'utente_1'),(1215,7,6,3,'PIZZERIA',0,0,'utente_1'),(1216,7,1,4,'PIZZERIA',0,11.32,'utente_1'),(1217,7,2,4,'PIZZERIA',0,19.77,'utente_1'),(1218,7,3,4,'PIZZERIA',0,19.78,'utente_1'),(1219,7,4,4,'PIZZERIA',0,14.9,'utente_1'),(1220,7,5,4,'PIZZERIA',0,1.7,'utente_1'),(1221,7,6,4,'PIZZERIA',0,0,'utente_1'),(1222,7,1,5,'PIZZERIA',0,11.32,'utente_1'),(1223,7,2,5,'PIZZERIA',0,19.77,'utente_1'),(1224,7,3,5,'PIZZERIA',0,19.78,'utente_1'),(1225,7,4,5,'PIZZERIA',0,14.9,'utente_1'),(1226,7,5,5,'PIZZERIA',0,1.7,'utente_1'),(1227,7,6,5,'PIZZERIA',0,0,'utente_1'),(1228,7,1,6,'PIZZERIA',0,11.32,'utente_1'),(1229,7,2,6,'PIZZERIA',0,19.77,'utente_1'),(1230,7,3,6,'PIZZERIA',0,19.78,'utente_1'),(1231,7,4,6,'PIZZERIA',0,14.9,'utente_1'),(1232,7,5,6,'PIZZERIA',0,1.7,'utente_1'),(1233,7,6,6,'PIZZERIA',0,0,'utente_1'),(1234,7,1,7,'PIZZERIA',0,11.32,'utente_1'),(1235,7,2,7,'PIZZERIA',0,19.77,'utente_1'),(1236,7,3,7,'PIZZERIA',0,19.78,'utente_1'),(1237,7,4,7,'PIZZERIA',0,14.9,'utente_1'),(1238,7,5,7,'PIZZERIA',0,1.7,'utente_1'),(1239,7,6,7,'PIZZERIA',0,0,'utente_1'),(1240,7,1,1,'PESCE',0,11.32,'utente_1'),(1241,7,2,1,'PESCE',0,19.77,'utente_1'),(1242,7,4,1,'PESCE',0,14.9,'utente_1'),(1243,7,5,1,'PESCE',0,1.7,'utente_1'),(1244,7,6,1,'PESCE',0,0,'utente_1'),(1245,7,1,2,'PESCE',0,11.32,'utente_1'),(1246,7,2,2,'PESCE',0,19.77,'utente_1'),(1247,7,4,2,'PESCE',0,14.9,'utente_1'),(1248,7,5,2,'PESCE',0,1.7,'utente_1'),(1249,7,6,2,'PESCE',0,0,'utente_1'),(1250,7,1,3,'PESCE',0,11.32,'utente_1'),(1251,7,2,3,'PESCE',0,19.77,'utente_1'),(1252,7,4,3,'PESCE',0,14.9,'utente_1'),(1253,7,5,3,'PESCE',0,1.7,'utente_1'),(1254,7,6,3,'PESCE',0,0,'utente_1'),(1255,7,1,4,'PESCE',0,11.32,'utente_1'),(1256,7,2,4,'PESCE',0,19.77,'utente_1'),(1257,7,4,4,'PESCE',0,14.9,'utente_1'),(1258,7,5,4,'PESCE',0,1.7,'utente_1'),(1259,7,6,4,'PESCE',0,0,'utente_1'),(1260,7,1,5,'PESCE',0,11.32,'utente_1'),(1261,7,2,5,'PESCE',0,19.77,'utente_1'),(1262,7,4,5,'PESCE',0,14.9,'utente_1'),(1263,7,5,5,'PESCE',0,1.7,'utente_1'),(1264,7,6,5,'PESCE',0,0,'utente_1'),(1265,7,1,6,'PESCE',0,11.32,'utente_1'),(1266,7,2,6,'PESCE',0,19.77,'utente_1'),(1267,7,4,6,'PESCE',0,14.9,'utente_1'),(1268,7,5,6,'PESCE',0,1.7,'utente_1'),(1269,7,6,6,'PESCE',0,0,'utente_1'),(1270,7,1,7,'PESCE',0,11.32,'utente_1'),(1271,7,2,7,'PESCE',0,19.77,'utente_1'),(1272,7,4,7,'PESCE',0,14.9,'utente_1'),(1273,7,5,7,'PESCE',0,1.7,'utente_1'),(1274,7,6,7,'PESCE',0,0,'utente_1'),(1275,8,1,1,'ANTIPASTI',0,11.09,'utente_1'),(1276,8,1,1,'ANTIPASTI',0,11.32,'utente_1'),(1277,8,2,1,'ANTIPASTI',0,19.77,'utente_1'),(1278,8,4,1,'ANTIPASTI',0,14.9,'utente_1'),(1279,8,5,1,'ANTIPASTI',0,1.7,'utente_1'),(1280,8,6,1,'ANTIPASTI',0,0,'utente_1'),(1281,8,1,4,'ANTIPASTI',0,11.32,'utente_1'),(1282,8,2,4,'ANTIPASTI',0,19.77,'utente_1'),(1283,8,4,4,'ANTIPASTI',0,14.9,'utente_1'),(1284,8,5,4,'ANTIPASTI',0,1.7,'utente_1'),(1285,8,6,4,'ANTIPASTI',0,0,'utente_1'),(1286,8,1,5,'ANTIPASTI',0,11.32,'utente_1'),(1287,8,2,5,'ANTIPASTI',0,19.77,'utente_1'),(1288,8,4,5,'ANTIPASTI',0,14.9,'utente_1'),(1289,8,5,5,'ANTIPASTI',0,1.7,'utente_1'),(1290,8,6,5,'ANTIPASTI',0,0,'utente_1'),(1291,8,1,6,'ANTIPASTI',0,11.32,'utente_1'),(1292,8,2,6,'ANTIPASTI',0,19.77,'utente_1'),(1293,8,4,6,'ANTIPASTI',0,14.9,'utente_1'),(1294,8,5,6,'ANTIPASTI',0,1.7,'utente_1'),(1295,8,6,6,'ANTIPASTI',0,0,'utente_1'),(1296,8,1,1,'PRIMI',0,11.32,'utente_1'),(1297,8,2,1,'PRIMI',0,19.77,'utente_1'),(1298,8,3,1,'PRIMI',0,19.78,'utente_1'),(1299,8,4,1,'PRIMI',0,14.9,'utente_1'),(1300,8,5,1,'PRIMI',0,1.7,'utente_1'),(1301,8,6,1,'PRIMI',0,0,'utente_1'),(1302,8,1,2,'PRIMI',0,11.32,'utente_1'),(1303,8,2,2,'PRIMI',0,19.77,'utente_1'),(1304,8,3,2,'PRIMI',0,19.78,'utente_1'),(1305,8,4,2,'PRIMI',0,14.9,'utente_1'),(1306,8,5,2,'PRIMI',0,1.7,'utente_1'),(1307,8,6,2,'PRIMI',0,0,'utente_1'),(1308,8,1,3,'PRIMI',0,11.32,'utente_1'),(1309,8,2,3,'PRIMI',0,19.77,'utente_1'),(1310,8,3,3,'PRIMI',0,19.78,'utente_1'),(1311,8,4,3,'PRIMI',0,14.9,'utente_1'),(1312,8,5,3,'PRIMI',0,1.7,'utente_1'),(1313,8,6,3,'PRIMI',0,0,'utente_1'),(1314,8,1,4,'PRIMI',0,11.32,'utente_1'),(1315,8,2,4,'PRIMI',0,19.77,'utente_1'),(1316,8,3,4,'PRIMI',0,19.78,'utente_1'),(1317,8,4,4,'PRIMI',0,14.9,'utente_1'),(1318,8,5,4,'PRIMI',0,1.7,'utente_1'),(1319,8,6,4,'PRIMI',0,0,'utente_1'),(1320,8,1,5,'PRIMI',0,11.32,'utente_1'),(1321,8,2,5,'PRIMI',0,19.77,'utente_1'),(1322,8,3,5,'PRIMI',0,19.78,'utente_1'),(1323,8,4,5,'PRIMI',0,14.9,'utente_1'),(1324,8,5,5,'PRIMI',0,1.7,'utente_1'),(1325,8,6,5,'PRIMI',0,0,'utente_1'),(1326,8,1,6,'PRIMI',0,11.32,'utente_1'),(1327,8,2,6,'PRIMI',0,19.77,'utente_1'),(1328,8,3,6,'PRIMI',0,19.78,'utente_1'),(1329,8,4,6,'PRIMI',0,14.9,'utente_1'),(1330,8,5,6,'PRIMI',0,1.7,'utente_1'),(1331,8,6,6,'PRIMI',0,0,'utente_1'),(1332,8,1,7,'PRIMI',0,11.32,'utente_1'),(1333,8,2,7,'PRIMI',0,19.77,'utente_1'),(1334,8,3,7,'PRIMI',0,19.78,'utente_1'),(1335,8,4,7,'PRIMI',0,14.9,'utente_1'),(1336,8,5,7,'PRIMI',0,1.7,'utente_1'),(1337,8,6,7,'PRIMI',0,0,'utente_1'),(1338,8,1,1,'SECONDI',0,11.32,'utente_1'),(1339,8,2,1,'SECONDI',0,19.77,'utente_1'),(1340,8,3,1,'SECONDI',0,19.78,'utente_1'),(1341,8,4,1,'SECONDI',0,14.9,'utente_1'),(1342,8,5,1,'SECONDI',0,1.7,'utente_1'),(1343,8,6,1,'SECONDI',0,0,'utente_1'),(1344,8,1,2,'SECONDI',0,11.32,'utente_1'),(1345,8,2,2,'SECONDI',0,19.77,'utente_1'),(1346,8,3,2,'SECONDI',0,19.78,'utente_1'),(1347,8,4,2,'SECONDI',0,14.9,'utente_1'),(1348,8,5,2,'SECONDI',0,1.7,'utente_1'),(1349,8,6,2,'SECONDI',0,0,'utente_1'),(1350,8,1,3,'SECONDI',0,11.32,'utente_1'),(1351,8,2,3,'SECONDI',0,19.77,'utente_1'),(1352,8,3,3,'SECONDI',0,19.78,'utente_1'),(1353,8,4,3,'SECONDI',0,14.9,'utente_1'),(1354,8,5,3,'SECONDI',0,1.7,'utente_1'),(1355,8,6,3,'SECONDI',0,0,'utente_1'),(1356,8,1,4,'SECONDI',0,11.32,'utente_1'),(1357,8,2,4,'SECONDI',0,19.77,'utente_1'),(1358,8,3,4,'SECONDI',0,19.78,'utente_1'),(1359,8,4,4,'SECONDI',0,14.9,'utente_1'),(1360,8,5,4,'SECONDI',0,1.7,'utente_1'),(1361,8,6,4,'SECONDI',0,0,'utente_1'),(1362,8,1,5,'SECONDI',0,11.32,'utente_1'),(1363,8,2,5,'SECONDI',0,19.77,'utente_1'),(1364,8,3,5,'SECONDI',0,19.78,'utente_1'),(1365,8,4,5,'SECONDI',0,14.9,'utente_1'),(1366,8,5,5,'SECONDI',0,1.7,'utente_1'),(1367,8,6,5,'SECONDI',0,0,'utente_1'),(1368,8,1,6,'SECONDI',0,11.32,'utente_1'),(1369,8,2,6,'SECONDI',0,19.77,'utente_1'),(1370,8,3,6,'SECONDI',0,19.78,'utente_1'),(1371,8,4,6,'SECONDI',0,14.9,'utente_1'),(1372,8,5,6,'SECONDI',0,1.7,'utente_1'),(1373,8,6,6,'SECONDI',0,0,'utente_1'),(1374,8,1,7,'SECONDI',0,11.32,'utente_1'),(1375,8,2,7,'SECONDI',0,19.77,'utente_1'),(1376,8,3,7,'SECONDI',0,19.78,'utente_1'),(1377,8,4,7,'SECONDI',0,14.9,'utente_1'),(1378,8,5,7,'SECONDI',0,1.7,'utente_1'),(1379,8,6,7,'SECONDI',0,0,'utente_1'),(1380,8,1,1,'PIZZERIA',0,11.32,'utente_1'),(1381,8,2,1,'PIZZERIA',0,19.77,'utente_1'),(1382,8,3,1,'PIZZERIA',0,19.78,'utente_1'),(1383,8,4,1,'PIZZERIA',0,14.9,'utente_1'),(1384,8,5,1,'PIZZERIA',0,1.7,'utente_1'),(1385,8,6,1,'PIZZERIA',0,0,'utente_1'),(1386,8,1,2,'PIZZERIA',0,11.32,'utente_1'),(1387,8,2,2,'PIZZERIA',0,19.77,'utente_1'),(1388,8,3,2,'PIZZERIA',0,19.78,'utente_1'),(1389,8,4,2,'PIZZERIA',0,14.9,'utente_1'),(1390,8,5,2,'PIZZERIA',0,1.7,'utente_1'),(1391,8,6,2,'PIZZERIA',0,0,'utente_1'),(1392,8,1,3,'PIZZERIA',0,11.32,'utente_1'),(1393,8,2,3,'PIZZERIA',0,19.77,'utente_1'),(1394,8,3,3,'PIZZERIA',0,19.78,'utente_1'),(1395,8,4,3,'PIZZERIA',0,14.9,'utente_1'),(1396,8,5,3,'PIZZERIA',0,1.7,'utente_1'),(1397,8,6,3,'PIZZERIA',0,0,'utente_1'),(1398,8,1,4,'PIZZERIA',0,11.32,'utente_1'),(1399,8,2,4,'PIZZERIA',0,19.77,'utente_1'),(1400,8,3,4,'PIZZERIA',0,19.78,'utente_1'),(1401,8,4,4,'PIZZERIA',0,14.9,'utente_1'),(1402,8,5,4,'PIZZERIA',0,1.7,'utente_1'),(1403,8,6,4,'PIZZERIA',0,0,'utente_1'),(1404,8,1,5,'PIZZERIA',0,11.32,'utente_1'),(1405,8,2,5,'PIZZERIA',0,19.77,'utente_1'),(1406,8,3,5,'PIZZERIA',0,19.78,'utente_1'),(1407,8,4,5,'PIZZERIA',0,14.9,'utente_1'),(1408,8,5,5,'PIZZERIA',0,1.7,'utente_1'),(1409,8,6,5,'PIZZERIA',0,0,'utente_1'),(1410,8,1,6,'PIZZERIA',0,11.32,'utente_1'),(1411,8,2,6,'PIZZERIA',0,19.77,'utente_1'),(1412,8,3,6,'PIZZERIA',0,19.78,'utente_1'),(1413,8,4,6,'PIZZERIA',0,14.9,'utente_1'),(1414,8,5,6,'PIZZERIA',0,1.7,'utente_1'),(1415,8,6,6,'PIZZERIA',0,0,'utente_1'),(1416,8,1,7,'PIZZERIA',0,11.32,'utente_1'),(1417,8,2,7,'PIZZERIA',0,19.77,'utente_1'),(1418,8,3,7,'PIZZERIA',0,19.78,'utente_1'),(1419,8,4,7,'PIZZERIA',0,14.9,'utente_1'),(1420,8,5,7,'PIZZERIA',0,1.7,'utente_1'),(1421,8,6,7,'PIZZERIA',0,0,'utente_1'),(1422,8,1,1,'PESCE',0,11.32,'utente_1'),(1423,8,2,1,'PESCE',0,19.77,'utente_1'),(1424,8,4,1,'PESCE',0,14.9,'utente_1'),(1425,8,5,1,'PESCE',0,1.7,'utente_1'),(1426,8,6,1,'PESCE',0,0,'utente_1'),(1427,8,1,2,'PESCE',0,11.32,'utente_1'),(1428,8,2,2,'PESCE',0,19.77,'utente_1'),(1429,8,4,2,'PESCE',0,14.9,'utente_1'),(1430,8,5,2,'PESCE',0,1.7,'utente_1'),(1431,8,6,2,'PESCE',0,0,'utente_1'),(1432,8,1,3,'PESCE',0,11.32,'utente_1'),(1433,8,2,3,'PESCE',0,19.77,'utente_1'),(1434,8,4,3,'PESCE',0,14.9,'utente_1'),(1435,8,5,3,'PESCE',0,1.7,'utente_1'),(1436,8,6,3,'PESCE',0,0,'utente_1'),(1437,8,1,4,'PESCE',0,11.32,'utente_1'),(1438,8,2,4,'PESCE',0,19.77,'utente_1'),(1439,8,4,4,'PESCE',0,14.9,'utente_1'),(1440,8,5,4,'PESCE',0,1.7,'utente_1'),(1441,8,6,4,'PESCE',0,0,'utente_1'),(1442,8,1,5,'PESCE',0,11.32,'utente_1'),(1443,8,2,5,'PESCE',0,19.77,'utente_1'),(1444,8,4,5,'PESCE',0,14.9,'utente_1'),(1445,8,5,5,'PESCE',0,1.7,'utente_1'),(1446,8,6,5,'PESCE',0,0,'utente_1'),(1447,8,1,6,'PESCE',0,11.32,'utente_1'),(1448,8,2,6,'PESCE',0,19.77,'utente_1'),(1449,8,4,6,'PESCE',0,14.9,'utente_1'),(1450,8,5,6,'PESCE',0,1.7,'utente_1'),(1451,8,6,6,'PESCE',0,0,'utente_1'),(1452,8,1,7,'PESCE',0,11.32,'utente_1'),(1453,8,2,7,'PESCE',0,19.77,'utente_1'),(1454,8,4,7,'PESCE',0,14.9,'utente_1'),(1455,8,5,7,'PESCE',0,1.7,'utente_1'),(1456,8,6,7,'PESCE',0,0,'utente_1'),(1639,10,1,1,'ANTIPASTI',0,11.09,'utente_1'),(1640,10,1,1,'ANTIPASTI',0,11.32,'utente_1'),(1641,10,2,1,'ANTIPASTI',0,19.77,'utente_1'),(1642,10,4,1,'ANTIPASTI',0,14.9,'utente_1'),(1643,10,5,1,'ANTIPASTI',0,1.7,'utente_1'),(1644,10,6,1,'ANTIPASTI',0,0,'utente_1'),(1645,10,1,4,'ANTIPASTI',0,11.32,'utente_1'),(1646,10,2,4,'ANTIPASTI',0,19.77,'utente_1'),(1647,10,4,4,'ANTIPASTI',0,14.9,'utente_1'),(1648,10,5,4,'ANTIPASTI',0,1.7,'utente_1'),(1649,10,6,4,'ANTIPASTI',0,0,'utente_1'),(1650,10,1,5,'ANTIPASTI',0,11.32,'utente_1'),(1651,10,2,5,'ANTIPASTI',0,19.77,'utente_1'),(1652,10,4,5,'ANTIPASTI',0,14.9,'utente_1'),(1653,10,5,5,'ANTIPASTI',0,1.7,'utente_1'),(1654,10,6,5,'ANTIPASTI',0,0,'utente_1'),(1655,10,1,6,'ANTIPASTI',0,11.32,'utente_1'),(1656,10,2,6,'ANTIPASTI',0,19.77,'utente_1'),(1657,10,4,6,'ANTIPASTI',0,14.9,'utente_1'),(1658,10,5,6,'ANTIPASTI',0,1.7,'utente_1'),(1659,10,6,6,'ANTIPASTI',0,0,'utente_1'),(1660,10,1,1,'PRIMI',0,11.32,'utente_1'),(1661,10,2,1,'PRIMI',0,19.77,'utente_1'),(1662,10,3,1,'PRIMI',0,19.78,'utente_1'),(1663,10,4,1,'PRIMI',0,14.9,'utente_1'),(1664,10,5,1,'PRIMI',0,1.7,'utente_1'),(1665,10,6,1,'PRIMI',0,0,'utente_1'),(1666,10,1,2,'PRIMI',0,11.32,'utente_1'),(1667,10,2,2,'PRIMI',0,19.77,'utente_1'),(1668,10,3,2,'PRIMI',0,19.78,'utente_1'),(1669,10,4,2,'PRIMI',0,14.9,'utente_1'),(1670,10,5,2,'PRIMI',0,1.7,'utente_1'),(1671,10,6,2,'PRIMI',0,0,'utente_1'),(1672,10,1,3,'PRIMI',0,11.32,'utente_1'),(1673,10,2,3,'PRIMI',0,19.77,'utente_1'),(1674,10,3,3,'PRIMI',0,19.78,'utente_1'),(1675,10,4,3,'PRIMI',0,14.9,'utente_1'),(1676,10,5,3,'PRIMI',0,1.7,'utente_1'),(1677,10,6,3,'PRIMI',0,0,'utente_1'),(1678,10,1,4,'PRIMI',0,11.32,'utente_1'),(1679,10,2,4,'PRIMI',0,19.77,'utente_1'),(1680,10,3,4,'PRIMI',0,19.78,'utente_1'),(1681,10,4,4,'PRIMI',0,14.9,'utente_1'),(1682,10,5,4,'PRIMI',0,1.7,'utente_1'),(1683,10,6,4,'PRIMI',0,0,'utente_1'),(1684,10,1,5,'PRIMI',0,11.32,'utente_1'),(1685,10,2,5,'PRIMI',0,19.77,'utente_1'),(1686,10,3,5,'PRIMI',0,19.78,'utente_1'),(1687,10,4,5,'PRIMI',0,14.9,'utente_1'),(1688,10,5,5,'PRIMI',0,1.7,'utente_1'),(1689,10,6,5,'PRIMI',0,0,'utente_1'),(1690,10,1,6,'PRIMI',0,11.32,'utente_1'),(1691,10,2,6,'PRIMI',0,19.77,'utente_1'),(1692,10,3,6,'PRIMI',0,19.78,'utente_1'),(1693,10,4,6,'PRIMI',0,14.9,'utente_1'),(1694,10,5,6,'PRIMI',0,1.7,'utente_1'),(1695,10,6,6,'PRIMI',0,0,'utente_1'),(1696,10,1,7,'PRIMI',0,11.32,'utente_1'),(1697,10,2,7,'PRIMI',0,19.77,'utente_1'),(1698,10,3,7,'PRIMI',0,19.78,'utente_1'),(1699,10,4,7,'PRIMI',0,14.9,'utente_1'),(1700,10,5,7,'PRIMI',0,1.7,'utente_1'),(1701,10,6,7,'PRIMI',0,0,'utente_1'),(1702,10,1,1,'SECONDI',0,11.32,'utente_1'),(1703,10,2,1,'SECONDI',0,19.77,'utente_1'),(1704,10,3,1,'SECONDI',0,19.78,'utente_1'),(1705,10,4,1,'SECONDI',0,14.9,'utente_1'),(1706,10,5,1,'SECONDI',0,1.7,'utente_1'),(1707,10,6,1,'SECONDI',0,0,'utente_1'),(1708,10,1,2,'SECONDI',0,11.32,'utente_1'),(1709,10,2,2,'SECONDI',0,19.77,'utente_1'),(1710,10,3,2,'SECONDI',0,19.78,'utente_1'),(1711,10,4,2,'SECONDI',0,14.9,'utente_1'),(1712,10,5,2,'SECONDI',0,1.7,'utente_1'),(1713,10,6,2,'SECONDI',0,0,'utente_1'),(1714,10,1,3,'SECONDI',0,11.32,'utente_1'),(1715,10,2,3,'SECONDI',0,19.77,'utente_1'),(1716,10,3,3,'SECONDI',0,19.78,'utente_1'),(1717,10,4,3,'SECONDI',0,14.9,'utente_1'),(1718,10,5,3,'SECONDI',0,1.7,'utente_1'),(1719,10,6,3,'SECONDI',0,0,'utente_1'),(1720,10,1,4,'SECONDI',0,11.32,'utente_1'),(1721,10,2,4,'SECONDI',0,19.77,'utente_1'),(1722,10,3,4,'SECONDI',0,19.78,'utente_1'),(1723,10,4,4,'SECONDI',0,14.9,'utente_1'),(1724,10,5,4,'SECONDI',0,1.7,'utente_1'),(1725,10,6,4,'SECONDI',0,0,'utente_1'),(1726,10,1,5,'SECONDI',0,11.32,'utente_1'),(1727,10,2,5,'SECONDI',0,19.77,'utente_1'),(1728,10,3,5,'SECONDI',0,19.78,'utente_1'),(1729,10,4,5,'SECONDI',0,14.9,'utente_1'),(1730,10,5,5,'SECONDI',0,1.7,'utente_1'),(1731,10,6,5,'SECONDI',0,0,'utente_1'),(1732,10,1,6,'SECONDI',0,11.32,'utente_1'),(1733,10,2,6,'SECONDI',0,19.77,'utente_1'),(1734,10,3,6,'SECONDI',0,19.78,'utente_1'),(1735,10,4,6,'SECONDI',0,14.9,'utente_1'),(1736,10,5,6,'SECONDI',0,1.7,'utente_1'),(1737,10,6,6,'SECONDI',0,0,'utente_1'),(1738,10,1,7,'SECONDI',0,11.32,'utente_1'),(1739,10,2,7,'SECONDI',0,19.77,'utente_1'),(1740,10,3,7,'SECONDI',0,19.78,'utente_1'),(1741,10,4,7,'SECONDI',0,14.9,'utente_1'),(1742,10,5,7,'SECONDI',0,1.7,'utente_1'),(1743,10,6,7,'SECONDI',0,0,'utente_1'),(1744,10,1,1,'PIZZERIA',0,11.32,'utente_1'),(1745,10,2,1,'PIZZERIA',0,19.77,'utente_1'),(1746,10,3,1,'PIZZERIA',0,19.78,'utente_1'),(1747,10,4,1,'PIZZERIA',0,14.9,'utente_1'),(1748,10,5,1,'PIZZERIA',0,1.7,'utente_1'),(1749,10,6,1,'PIZZERIA',0,0,'utente_1'),(1750,10,1,2,'PIZZERIA',0,11.32,'utente_1'),(1751,10,2,2,'PIZZERIA',0,19.77,'utente_1'),(1752,10,3,2,'PIZZERIA',0,19.78,'utente_1'),(1753,10,4,2,'PIZZERIA',0,14.9,'utente_1'),(1754,10,5,2,'PIZZERIA',0,1.7,'utente_1'),(1755,10,6,2,'PIZZERIA',0,0,'utente_1'),(1756,10,1,3,'PIZZERIA',0,11.32,'utente_1'),(1757,10,2,3,'PIZZERIA',0,19.77,'utente_1'),(1758,10,3,3,'PIZZERIA',0,19.78,'utente_1'),(1759,10,4,3,'PIZZERIA',0,14.9,'utente_1'),(1760,10,5,3,'PIZZERIA',0,1.7,'utente_1'),(1761,10,6,3,'PIZZERIA',0,0,'utente_1'),(1762,10,1,4,'PIZZERIA',0,11.32,'utente_1'),(1763,10,2,4,'PIZZERIA',0,19.77,'utente_1'),(1764,10,3,4,'PIZZERIA',0,19.78,'utente_1'),(1765,10,4,4,'PIZZERIA',0,14.9,'utente_1'),(1766,10,5,4,'PIZZERIA',0,1.7,'utente_1'),(1767,10,6,4,'PIZZERIA',0,0,'utente_1'),(1768,10,1,5,'PIZZERIA',0,11.32,'utente_1'),(1769,10,2,5,'PIZZERIA',0,19.77,'utente_1'),(1770,10,3,5,'PIZZERIA',0,19.78,'utente_1'),(1771,10,4,5,'PIZZERIA',0,14.9,'utente_1'),(1772,10,5,5,'PIZZERIA',0,1.7,'utente_1'),(1773,10,6,5,'PIZZERIA',0,0,'utente_1'),(1774,10,1,6,'PIZZERIA',0,11.32,'utente_1'),(1775,10,2,6,'PIZZERIA',0,19.77,'utente_1'),(1776,10,3,6,'PIZZERIA',0,19.78,'utente_1'),(1777,10,4,6,'PIZZERIA',0,14.9,'utente_1'),(1778,10,5,6,'PIZZERIA',0,1.7,'utente_1'),(1779,10,6,6,'PIZZERIA',0,0,'utente_1'),(1780,10,1,7,'PIZZERIA',0,11.32,'utente_1'),(1781,10,2,7,'PIZZERIA',0,19.77,'utente_1'),(1782,10,3,7,'PIZZERIA',0,19.78,'utente_1'),(1783,10,4,7,'PIZZERIA',0,14.9,'utente_1'),(1784,10,5,7,'PIZZERIA',0,1.7,'utente_1'),(1785,10,6,7,'PIZZERIA',0,0,'utente_1'),(1786,10,1,1,'PESCE',0,11.32,'utente_1'),(1787,10,2,1,'PESCE',0,19.77,'utente_1'),(1788,10,4,1,'PESCE',0,14.9,'utente_1'),(1789,10,5,1,'PESCE',0,1.7,'utente_1'),(1790,10,6,1,'PESCE',0,0,'utente_1'),(1791,10,1,2,'PESCE',0,11.32,'utente_1'),(1792,10,2,2,'PESCE',0,19.77,'utente_1'),(1793,10,4,2,'PESCE',0,14.9,'utente_1'),(1794,10,5,2,'PESCE',0,1.7,'utente_1'),(1795,10,6,2,'PESCE',0,0,'utente_1'),(1796,10,1,3,'PESCE',0,11.32,'utente_1'),(1797,10,2,3,'PESCE',0,19.77,'utente_1'),(1798,10,4,3,'PESCE',0,14.9,'utente_1'),(1799,10,5,3,'PESCE',0,1.7,'utente_1'),(1800,10,6,3,'PESCE',0,0,'utente_1'),(1801,10,1,4,'PESCE',0,11.32,'utente_1'),(1802,10,2,4,'PESCE',0,19.77,'utente_1'),(1803,10,4,4,'PESCE',0,14.9,'utente_1'),(1804,10,5,4,'PESCE',0,1.7,'utente_1'),(1805,10,6,4,'PESCE',0,0,'utente_1'),(1806,10,1,5,'PESCE',0,11.32,'utente_1'),(1807,10,2,5,'PESCE',0,19.77,'utente_1'),(1808,10,4,5,'PESCE',0,14.9,'utente_1'),(1809,10,5,5,'PESCE',0,1.7,'utente_1'),(1810,10,6,5,'PESCE',0,0,'utente_1'),(1811,10,1,6,'PESCE',0,11.32,'utente_1'),(1812,10,2,6,'PESCE',0,19.77,'utente_1'),(1813,10,4,6,'PESCE',0,14.9,'utente_1'),(1814,10,5,6,'PESCE',0,1.7,'utente_1'),(1815,10,6,6,'PESCE',0,0,'utente_1'),(1816,10,1,7,'PESCE',0,11.32,'utente_1'),(1817,10,2,7,'PESCE',0,19.77,'utente_1'),(1818,10,4,7,'PESCE',0,14.9,'utente_1'),(1819,10,5,7,'PESCE',0,1.7,'utente_1'),(1820,10,6,7,'PESCE',0,0,'utente_1'),(1821,11,1,1,'ANTIPASTI',0,11.09,'utente_1'),(1822,11,1,1,'ANTIPASTI',0,11.32,'utente_1'),(1823,11,2,1,'ANTIPASTI',0,19.77,'utente_1'),(1824,11,4,1,'ANTIPASTI',0,14.9,'utente_1'),(1825,11,5,1,'ANTIPASTI',0,1.7,'utente_1'),(1826,11,6,1,'ANTIPASTI',0,0,'utente_1'),(1827,11,1,4,'ANTIPASTI',0,11.32,'utente_1'),(1828,11,2,4,'ANTIPASTI',0,19.77,'utente_1'),(1829,11,4,4,'ANTIPASTI',0,14.9,'utente_1'),(1830,11,5,4,'ANTIPASTI',0,1.7,'utente_1'),(1831,11,6,4,'ANTIPASTI',0,0,'utente_1'),(1832,11,1,5,'ANTIPASTI',0,11.32,'utente_1'),(1833,11,2,5,'ANTIPASTI',0,19.77,'utente_1'),(1834,11,4,5,'ANTIPASTI',0,14.9,'utente_1'),(1835,11,5,5,'ANTIPASTI',0,1.7,'utente_1'),(1836,11,6,5,'ANTIPASTI',0,0,'utente_1'),(1837,11,1,6,'ANTIPASTI',0,11.32,'utente_1'),(1838,11,2,6,'ANTIPASTI',0,19.77,'utente_1'),(1839,11,4,6,'ANTIPASTI',0,14.9,'utente_1'),(1840,11,5,6,'ANTIPASTI',0,1.7,'utente_1'),(1841,11,6,6,'ANTIPASTI',0,0,'utente_1'),(1842,11,1,1,'PRIMI',0,11.32,'utente_1'),(1843,11,2,1,'PRIMI',0,19.77,'utente_1'),(1844,11,3,1,'PRIMI',0,19.78,'utente_1'),(1845,11,4,1,'PRIMI',0,14.9,'utente_1'),(1846,11,5,1,'PRIMI',0,1.7,'utente_1'),(1847,11,6,1,'PRIMI',0,0,'utente_1'),(1848,11,1,2,'PRIMI',0,11.32,'utente_1'),(1849,11,2,2,'PRIMI',0,19.77,'utente_1'),(1850,11,3,2,'PRIMI',0,19.78,'utente_1'),(1851,11,4,2,'PRIMI',0,14.9,'utente_1'),(1852,11,5,2,'PRIMI',0,1.7,'utente_1'),(1853,11,6,2,'PRIMI',0,0,'utente_1'),(1854,11,1,3,'PRIMI',0,11.32,'utente_1'),(1855,11,2,3,'PRIMI',0,19.77,'utente_1'),(1856,11,3,3,'PRIMI',0,19.78,'utente_1'),(1857,11,4,3,'PRIMI',0,14.9,'utente_1'),(1858,11,5,3,'PRIMI',0,1.7,'utente_1'),(1859,11,6,3,'PRIMI',0,0,'utente_1'),(1860,11,1,4,'PRIMI',0,11.32,'utente_1'),(1861,11,2,4,'PRIMI',0,19.77,'utente_1'),(1862,11,3,4,'PRIMI',0,19.78,'utente_1'),(1863,11,4,4,'PRIMI',0,14.9,'utente_1'),(1864,11,5,4,'PRIMI',0,1.7,'utente_1'),(1865,11,6,4,'PRIMI',0,0,'utente_1'),(1866,11,1,5,'PRIMI',0,11.32,'utente_1'),(1867,11,2,5,'PRIMI',0,19.77,'utente_1'),(1868,11,3,5,'PRIMI',0,19.78,'utente_1'),(1869,11,4,5,'PRIMI',0,14.9,'utente_1'),(1870,11,5,5,'PRIMI',0,1.7,'utente_1'),(1871,11,6,5,'PRIMI',0,0,'utente_1'),(1872,11,1,6,'PRIMI',0,11.32,'utente_1'),(1873,11,2,6,'PRIMI',0,19.77,'utente_1'),(1874,11,3,6,'PRIMI',0,19.78,'utente_1'),(1875,11,4,6,'PRIMI',0,14.9,'utente_1'),(1876,11,5,6,'PRIMI',0,1.7,'utente_1'),(1877,11,6,6,'PRIMI',0,0,'utente_1'),(1878,11,1,7,'PRIMI',0,11.32,'utente_1'),(1879,11,2,7,'PRIMI',0,19.77,'utente_1'),(1880,11,3,7,'PRIMI',0,19.78,'utente_1'),(1881,11,4,7,'PRIMI',0,14.9,'utente_1'),(1882,11,5,7,'PRIMI',0,1.7,'utente_1'),(1883,11,6,7,'PRIMI',0,0,'utente_1'),(1884,11,1,1,'SECONDI',0,11.32,'utente_1'),(1885,11,2,1,'SECONDI',0,19.77,'utente_1'),(1886,11,3,1,'SECONDI',0,19.78,'utente_1'),(1887,11,4,1,'SECONDI',0,14.9,'utente_1'),(1888,11,5,1,'SECONDI',0,1.7,'utente_1'),(1889,11,6,1,'SECONDI',0,0,'utente_1'),(1890,11,1,2,'SECONDI',0,11.32,'utente_1'),(1891,11,2,2,'SECONDI',0,19.77,'utente_1'),(1892,11,3,2,'SECONDI',0,19.78,'utente_1'),(1893,11,4,2,'SECONDI',0,14.9,'utente_1'),(1894,11,5,2,'SECONDI',0,1.7,'utente_1'),(1895,11,6,2,'SECONDI',0,0,'utente_1'),(1896,11,1,3,'SECONDI',0,11.32,'utente_1'),(1897,11,2,3,'SECONDI',0,19.77,'utente_1'),(1898,11,3,3,'SECONDI',0,19.78,'utente_1'),(1899,11,4,3,'SECONDI',0,14.9,'utente_1'),(1900,11,5,3,'SECONDI',0,1.7,'utente_1'),(1901,11,6,3,'SECONDI',0,0,'utente_1'),(1902,11,1,4,'SECONDI',0,11.32,'utente_1'),(1903,11,2,4,'SECONDI',0,19.77,'utente_1'),(1904,11,3,4,'SECONDI',0,19.78,'utente_1'),(1905,11,4,4,'SECONDI',0,14.9,'utente_1'),(1906,11,5,4,'SECONDI',0,1.7,'utente_1'),(1907,11,6,4,'SECONDI',0,0,'utente_1'),(1908,11,1,5,'SECONDI',0,11.32,'utente_1'),(1909,11,2,5,'SECONDI',0,19.77,'utente_1'),(1910,11,3,5,'SECONDI',0,19.78,'utente_1'),(1911,11,4,5,'SECONDI',0,14.9,'utente_1'),(1912,11,5,5,'SECONDI',0,1.7,'utente_1'),(1913,11,6,5,'SECONDI',0,0,'utente_1'),(1914,11,1,6,'SECONDI',0,11.32,'utente_1'),(1915,11,2,6,'SECONDI',0,19.77,'utente_1'),(1916,11,3,6,'SECONDI',0,19.78,'utente_1'),(1917,11,4,6,'SECONDI',0,14.9,'utente_1'),(1918,11,5,6,'SECONDI',0,1.7,'utente_1'),(1919,11,6,6,'SECONDI',0,0,'utente_1'),(1920,11,1,7,'SECONDI',0,11.32,'utente_1'),(1921,11,2,7,'SECONDI',0,19.77,'utente_1'),(1922,11,3,7,'SECONDI',0,19.78,'utente_1'),(1923,11,4,7,'SECONDI',0,14.9,'utente_1'),(1924,11,5,7,'SECONDI',0,1.7,'utente_1'),(1925,11,6,7,'SECONDI',0,0,'utente_1'),(1926,11,1,1,'PIZZERIA',0,11.32,'utente_1'),(1927,11,2,1,'PIZZERIA',0,19.77,'utente_1'),(1928,11,3,1,'PIZZERIA',0,19.78,'utente_1'),(1929,11,4,1,'PIZZERIA',0,14.9,'utente_1'),(1930,11,5,1,'PIZZERIA',0,1.7,'utente_1'),(1931,11,6,1,'PIZZERIA',0,0,'utente_1'),(1932,11,1,2,'PIZZERIA',0,11.32,'utente_1'),(1933,11,2,2,'PIZZERIA',0,19.77,'utente_1'),(1934,11,3,2,'PIZZERIA',0,19.78,'utente_1'),(1935,11,4,2,'PIZZERIA',0,14.9,'utente_1'),(1936,11,5,2,'PIZZERIA',0,1.7,'utente_1'),(1937,11,6,2,'PIZZERIA',0,0,'utente_1'),(1938,11,1,3,'PIZZERIA',0,11.32,'utente_1'),(1939,11,2,3,'PIZZERIA',0,19.77,'utente_1'),(1940,11,3,3,'PIZZERIA',0,19.78,'utente_1'),(1941,11,4,3,'PIZZERIA',0,14.9,'utente_1'),(1942,11,5,3,'PIZZERIA',0,1.7,'utente_1'),(1943,11,6,3,'PIZZERIA',0,0,'utente_1'),(1944,11,1,4,'PIZZERIA',0,11.32,'utente_1'),(1945,11,2,4,'PIZZERIA',0,19.77,'utente_1'),(1946,11,3,4,'PIZZERIA',0,19.78,'utente_1'),(1947,11,4,4,'PIZZERIA',0,14.9,'utente_1'),(1948,11,5,4,'PIZZERIA',0,1.7,'utente_1'),(1949,11,6,4,'PIZZERIA',0,0,'utente_1'),(1950,11,1,5,'PIZZERIA',0,11.32,'utente_1'),(1951,11,2,5,'PIZZERIA',0,19.77,'utente_1'),(1952,11,3,5,'PIZZERIA',0,19.78,'utente_1'),(1953,11,4,5,'PIZZERIA',0,14.9,'utente_1'),(1954,11,5,5,'PIZZERIA',0,1.7,'utente_1'),(1955,11,6,5,'PIZZERIA',0,0,'utente_1'),(1956,11,1,6,'PIZZERIA',0,11.32,'utente_1'),(1957,11,2,6,'PIZZERIA',0,19.77,'utente_1'),(1958,11,3,6,'PIZZERIA',0,19.78,'utente_1'),(1959,11,4,6,'PIZZERIA',0,14.9,'utente_1'),(1960,11,5,6,'PIZZERIA',0,1.7,'utente_1'),(1961,11,6,6,'PIZZERIA',0,0,'utente_1'),(1962,11,1,7,'PIZZERIA',0,11.32,'utente_1'),(1963,11,2,7,'PIZZERIA',0,19.77,'utente_1'),(1964,11,3,7,'PIZZERIA',0,19.78,'utente_1'),(1965,11,4,7,'PIZZERIA',0,14.9,'utente_1'),(1966,11,5,7,'PIZZERIA',0,1.7,'utente_1'),(1967,11,6,7,'PIZZERIA',0,0,'utente_1'),(1968,11,1,1,'PESCE',0,11.32,'utente_1'),(1969,11,2,1,'PESCE',0,19.77,'utente_1'),(1970,11,4,1,'PESCE',0,14.9,'utente_1'),(1971,11,5,1,'PESCE',0,1.7,'utente_1'),(1972,11,6,1,'PESCE',0,0,'utente_1'),(1973,11,1,2,'PESCE',0,11.32,'utente_1'),(1974,11,2,2,'PESCE',0,19.77,'utente_1'),(1975,11,4,2,'PESCE',0,14.9,'utente_1'),(1976,11,5,2,'PESCE',0,1.7,'utente_1'),(1977,11,6,2,'PESCE',0,0,'utente_1'),(1978,11,1,3,'PESCE',0,11.32,'utente_1'),(1979,11,2,3,'PESCE',0,19.77,'utente_1'),(1980,11,4,3,'PESCE',0,14.9,'utente_1'),(1981,11,5,3,'PESCE',0,1.7,'utente_1'),(1982,11,6,3,'PESCE',0,0,'utente_1'),(1983,11,1,4,'PESCE',0,11.32,'utente_1'),(1984,11,2,4,'PESCE',0,19.77,'utente_1'),(1985,11,4,4,'PESCE',0,14.9,'utente_1'),(1986,11,5,4,'PESCE',0,1.7,'utente_1'),(1987,11,6,4,'PESCE',0,0,'utente_1'),(1988,11,1,5,'PESCE',0,11.32,'utente_1'),(1989,11,2,5,'PESCE',0,19.77,'utente_1'),(1990,11,4,5,'PESCE',0,14.9,'utente_1'),(1991,11,5,5,'PESCE',0,1.7,'utente_1'),(1992,11,6,5,'PESCE',0,0,'utente_1'),(1993,11,1,6,'PESCE',0,11.32,'utente_1'),(1994,11,2,6,'PESCE',0,19.77,'utente_1'),(1995,11,4,6,'PESCE',0,14.9,'utente_1'),(1996,11,5,6,'PESCE',0,1.7,'utente_1'),(1997,11,6,6,'PESCE',0,0,'utente_1'),(1998,11,1,7,'PESCE',0,11.32,'utente_1'),(1999,11,2,7,'PESCE',0,19.77,'utente_1'),(2000,11,4,7,'PESCE',0,14.9,'utente_1'),(2001,11,5,7,'PESCE',0,1.7,'utente_1'),(2002,11,6,7,'PESCE',0,0,'utente_1'),(2003,12,1,1,'ANTIPASTI',0,11.09,'utente_1'),(2004,12,1,1,'ANTIPASTI',0,11.32,'utente_1'),(2005,12,2,1,'ANTIPASTI',0,19.77,'utente_1'),(2006,12,4,1,'ANTIPASTI',0,14.9,'utente_1'),(2007,12,5,1,'ANTIPASTI',0,1.7,'utente_1'),(2008,12,6,1,'ANTIPASTI',0,0,'utente_1'),(2009,12,1,4,'ANTIPASTI',0,11.32,'utente_1'),(2010,12,2,4,'ANTIPASTI',0,19.77,'utente_1'),(2011,12,4,4,'ANTIPASTI',0,14.9,'utente_1'),(2012,12,5,4,'ANTIPASTI',0,1.7,'utente_1'),(2013,12,6,4,'ANTIPASTI',0,0,'utente_1'),(2014,12,1,5,'ANTIPASTI',0,11.32,'utente_1'),(2015,12,2,5,'ANTIPASTI',0,19.77,'utente_1'),(2016,12,4,5,'ANTIPASTI',0,14.9,'utente_1'),(2017,12,5,5,'ANTIPASTI',0,1.7,'utente_1'),(2018,12,6,5,'ANTIPASTI',0,0,'utente_1'),(2019,12,1,6,'ANTIPASTI',0,11.32,'utente_1'),(2020,12,2,6,'ANTIPASTI',0,19.77,'utente_1'),(2021,12,4,6,'ANTIPASTI',0,14.9,'utente_1'),(2022,12,5,6,'ANTIPASTI',0,1.7,'utente_1'),(2023,12,6,6,'ANTIPASTI',0,0,'utente_1'),(2024,12,1,1,'PRIMI',0,11.32,'utente_1'),(2025,12,2,1,'PRIMI',0,19.77,'utente_1'),(2026,12,3,1,'PRIMI',0,19.78,'utente_1'),(2027,12,4,1,'PRIMI',0,14.9,'utente_1'),(2028,12,5,1,'PRIMI',0,1.7,'utente_1'),(2029,12,6,1,'PRIMI',0,0,'utente_1'),(2030,12,1,2,'PRIMI',0,11.32,'utente_1'),(2031,12,2,2,'PRIMI',0,19.77,'utente_1'),(2032,12,3,2,'PRIMI',0,19.78,'utente_1'),(2033,12,4,2,'PRIMI',0,14.9,'utente_1'),(2034,12,5,2,'PRIMI',0,1.7,'utente_1'),(2035,12,6,2,'PRIMI',0,0,'utente_1'),(2036,12,1,3,'PRIMI',0,11.32,'utente_1'),(2037,12,2,3,'PRIMI',0,19.77,'utente_1'),(2038,12,3,3,'PRIMI',0,19.78,'utente_1'),(2039,12,4,3,'PRIMI',0,14.9,'utente_1'),(2040,12,5,3,'PRIMI',0,1.7,'utente_1'),(2041,12,6,3,'PRIMI',0,0,'utente_1'),(2042,12,1,4,'PRIMI',0,11.32,'utente_1'),(2043,12,2,4,'PRIMI',0,19.77,'utente_1'),(2044,12,3,4,'PRIMI',0,19.78,'utente_1'),(2045,12,4,4,'PRIMI',0,14.9,'utente_1'),(2046,12,5,4,'PRIMI',0,1.7,'utente_1'),(2047,12,6,4,'PRIMI',0,0,'utente_1'),(2048,12,1,5,'PRIMI',0,11.32,'utente_1'),(2049,12,2,5,'PRIMI',0,19.77,'utente_1'),(2050,12,3,5,'PRIMI',0,19.78,'utente_1'),(2051,12,4,5,'PRIMI',0,14.9,'utente_1'),(2052,12,5,5,'PRIMI',0,1.7,'utente_1'),(2053,12,6,5,'PRIMI',0,0,'utente_1'),(2054,12,1,6,'PRIMI',0,11.32,'utente_1'),(2055,12,2,6,'PRIMI',0,19.77,'utente_1'),(2056,12,3,6,'PRIMI',0,19.78,'utente_1'),(2057,12,4,6,'PRIMI',0,14.9,'utente_1'),(2058,12,5,6,'PRIMI',0,1.7,'utente_1'),(2059,12,6,6,'PRIMI',0,0,'utente_1'),(2060,12,1,7,'PRIMI',0,11.32,'utente_1'),(2061,12,2,7,'PRIMI',0,19.77,'utente_1'),(2062,12,3,7,'PRIMI',0,19.78,'utente_1'),(2063,12,4,7,'PRIMI',0,14.9,'utente_1'),(2064,12,5,7,'PRIMI',0,1.7,'utente_1'),(2065,12,6,7,'PRIMI',0,0,'utente_1'),(2066,12,1,1,'SECONDI',0,11.32,'utente_1'),(2067,12,2,1,'SECONDI',0,19.77,'utente_1'),(2068,12,3,1,'SECONDI',0,19.78,'utente_1'),(2069,12,4,1,'SECONDI',0,14.9,'utente_1'),(2070,12,5,1,'SECONDI',0,1.7,'utente_1'),(2071,12,6,1,'SECONDI',0,0,'utente_1'),(2072,12,1,2,'SECONDI',0,11.32,'utente_1'),(2073,12,2,2,'SECONDI',0,19.77,'utente_1'),(2074,12,3,2,'SECONDI',0,19.78,'utente_1'),(2075,12,4,2,'SECONDI',0,14.9,'utente_1'),(2076,12,5,2,'SECONDI',0,1.7,'utente_1'),(2077,12,6,2,'SECONDI',0,0,'utente_1'),(2078,12,1,3,'SECONDI',0,11.32,'utente_1'),(2079,12,2,3,'SECONDI',0,19.77,'utente_1'),(2080,12,3,3,'SECONDI',0,19.78,'utente_1'),(2081,12,4,3,'SECONDI',0,14.9,'utente_1'),(2082,12,5,3,'SECONDI',0,1.7,'utente_1'),(2083,12,6,3,'SECONDI',0,0,'utente_1'),(2084,12,1,4,'SECONDI',0,11.32,'utente_1'),(2085,12,2,4,'SECONDI',0,19.77,'utente_1'),(2086,12,3,4,'SECONDI',0,19.78,'utente_1'),(2087,12,4,4,'SECONDI',0,14.9,'utente_1'),(2088,12,5,4,'SECONDI',0,1.7,'utente_1'),(2089,12,6,4,'SECONDI',0,0,'utente_1'),(2090,12,1,5,'SECONDI',0,11.32,'utente_1'),(2091,12,2,5,'SECONDI',0,19.77,'utente_1'),(2092,12,3,5,'SECONDI',0,19.78,'utente_1'),(2093,12,4,5,'SECONDI',0,14.9,'utente_1'),(2094,12,5,5,'SECONDI',0,1.7,'utente_1'),(2095,12,6,5,'SECONDI',0,0,'utente_1'),(2096,12,1,6,'SECONDI',0,11.32,'utente_1'),(2097,12,2,6,'SECONDI',0,19.77,'utente_1'),(2098,12,3,6,'SECONDI',0,19.78,'utente_1'),(2099,12,4,6,'SECONDI',0,14.9,'utente_1'),(2100,12,5,6,'SECONDI',0,1.7,'utente_1'),(2101,12,6,6,'SECONDI',0,0,'utente_1'),(2102,12,1,7,'SECONDI',0,11.32,'utente_1'),(2103,12,2,7,'SECONDI',0,19.77,'utente_1'),(2104,12,3,7,'SECONDI',0,19.78,'utente_1'),(2105,12,4,7,'SECONDI',0,14.9,'utente_1'),(2106,12,5,7,'SECONDI',0,1.7,'utente_1'),(2107,12,6,7,'SECONDI',0,0,'utente_1'),(2108,12,1,1,'PIZZERIA',0,11.32,'utente_1'),(2109,12,2,1,'PIZZERIA',0,19.77,'utente_1'),(2110,12,3,1,'PIZZERIA',0,19.78,'utente_1'),(2111,12,4,1,'PIZZERIA',0,14.9,'utente_1'),(2112,12,5,1,'PIZZERIA',0,1.7,'utente_1'),(2113,12,6,1,'PIZZERIA',0,0,'utente_1'),(2114,12,1,2,'PIZZERIA',0,11.32,'utente_1'),(2115,12,2,2,'PIZZERIA',0,19.77,'utente_1'),(2116,12,3,2,'PIZZERIA',0,19.78,'utente_1'),(2117,12,4,2,'PIZZERIA',0,14.9,'utente_1'),(2118,12,5,2,'PIZZERIA',0,1.7,'utente_1'),(2119,12,6,2,'PIZZERIA',0,0,'utente_1'),(2120,12,1,3,'PIZZERIA',0,11.32,'utente_1'),(2121,12,2,3,'PIZZERIA',0,19.77,'utente_1'),(2122,12,3,3,'PIZZERIA',0,19.78,'utente_1'),(2123,12,4,3,'PIZZERIA',0,14.9,'utente_1'),(2124,12,5,3,'PIZZERIA',0,1.7,'utente_1'),(2125,12,6,3,'PIZZERIA',0,0,'utente_1'),(2126,12,1,4,'PIZZERIA',0,11.32,'utente_1'),(2127,12,2,4,'PIZZERIA',0,19.77,'utente_1'),(2128,12,3,4,'PIZZERIA',0,19.78,'utente_1'),(2129,12,4,4,'PIZZERIA',0,14.9,'utente_1'),(2130,12,5,4,'PIZZERIA',0,1.7,'utente_1'),(2131,12,6,4,'PIZZERIA',0,0,'utente_1'),(2132,12,1,5,'PIZZERIA',0,11.32,'utente_1'),(2133,12,2,5,'PIZZERIA',0,19.77,'utente_1'),(2134,12,3,5,'PIZZERIA',0,19.78,'utente_1'),(2135,12,4,5,'PIZZERIA',0,14.9,'utente_1'),(2136,12,5,5,'PIZZERIA',0,1.7,'utente_1'),(2137,12,6,5,'PIZZERIA',0,0,'utente_1'),(2138,12,1,6,'PIZZERIA',0,11.32,'utente_1'),(2139,12,2,6,'PIZZERIA',0,19.77,'utente_1'),(2140,12,3,6,'PIZZERIA',0,19.78,'utente_1'),(2141,12,4,6,'PIZZERIA',0,14.9,'utente_1'),(2142,12,5,6,'PIZZERIA',0,1.7,'utente_1'),(2143,12,6,6,'PIZZERIA',0,0,'utente_1'),(2144,12,1,7,'PIZZERIA',0,11.32,'utente_1'),(2145,12,2,7,'PIZZERIA',0,19.77,'utente_1'),(2146,12,3,7,'PIZZERIA',0,19.78,'utente_1'),(2147,12,4,7,'PIZZERIA',0,14.9,'utente_1'),(2148,12,5,7,'PIZZERIA',0,1.7,'utente_1'),(2149,12,6,7,'PIZZERIA',0,0,'utente_1'),(2150,12,1,1,'PESCE',0,11.32,'utente_1'),(2151,12,2,1,'PESCE',0,19.77,'utente_1'),(2152,12,4,1,'PESCE',0,14.9,'utente_1'),(2153,12,5,1,'PESCE',0,1.7,'utente_1'),(2154,12,6,1,'PESCE',0,0,'utente_1'),(2155,12,1,2,'PESCE',0,11.32,'utente_1'),(2156,12,2,2,'PESCE',0,19.77,'utente_1'),(2157,12,4,2,'PESCE',0,14.9,'utente_1'),(2158,12,5,2,'PESCE',0,1.7,'utente_1'),(2159,12,6,2,'PESCE',0,0,'utente_1'),(2160,12,1,3,'PESCE',0,11.32,'utente_1'),(2161,12,2,3,'PESCE',0,19.77,'utente_1'),(2162,12,4,3,'PESCE',0,14.9,'utente_1'),(2163,12,5,3,'PESCE',0,1.7,'utente_1'),(2164,12,6,3,'PESCE',0,0,'utente_1'),(2165,12,1,4,'PESCE',0,11.32,'utente_1'),(2166,12,2,4,'PESCE',0,19.77,'utente_1'),(2167,12,4,4,'PESCE',0,14.9,'utente_1'),(2168,12,5,4,'PESCE',0,1.7,'utente_1'),(2169,12,6,4,'PESCE',0,0,'utente_1'),(2170,12,1,5,'PESCE',0,11.32,'utente_1'),(2171,12,2,5,'PESCE',0,19.77,'utente_1'),(2172,12,4,5,'PESCE',0,14.9,'utente_1'),(2173,12,5,5,'PESCE',0,1.7,'utente_1'),(2174,12,6,5,'PESCE',0,0,'utente_1'),(2175,12,1,6,'PESCE',0,11.32,'utente_1'),(2176,12,2,6,'PESCE',0,19.77,'utente_1'),(2177,12,4,6,'PESCE',0,14.9,'utente_1'),(2178,12,5,6,'PESCE',0,1.7,'utente_1'),(2179,12,6,6,'PESCE',0,0,'utente_1'),(2180,12,1,7,'PESCE',0,11.32,'utente_1'),(2181,12,2,7,'PESCE',0,19.77,'utente_1'),(2182,12,4,7,'PESCE',0,14.9,'utente_1'),(2183,12,5,7,'PESCE',0,1.7,'utente_1'),(2184,12,6,7,'PESCE',0,0,'utente_1'),(2185,13,1,1,'ANTIPASTI',0,11.09,'utente_1'),(2186,13,1,1,'ANTIPASTI',0,11.32,'utente_1'),(2187,13,2,1,'ANTIPASTI',0,19.77,'utente_1'),(2188,13,4,1,'ANTIPASTI',0,14.9,'utente_1'),(2189,13,5,1,'ANTIPASTI',0,1.7,'utente_1'),(2190,13,6,1,'ANTIPASTI',0,0,'utente_1'),(2191,13,1,4,'ANTIPASTI',0,11.32,'utente_1'),(2192,13,2,4,'ANTIPASTI',0,19.77,'utente_1'),(2193,13,4,4,'ANTIPASTI',0,14.9,'utente_1'),(2194,13,5,4,'ANTIPASTI',0,1.7,'utente_1'),(2195,13,6,4,'ANTIPASTI',0,0,'utente_1'),(2196,13,1,5,'ANTIPASTI',0,11.32,'utente_1'),(2197,13,2,5,'ANTIPASTI',0,19.77,'utente_1'),(2198,13,4,5,'ANTIPASTI',0,14.9,'utente_1'),(2199,13,5,5,'ANTIPASTI',0,1.7,'utente_1'),(2200,13,6,5,'ANTIPASTI',0,0,'utente_1'),(2201,13,1,6,'ANTIPASTI',0,11.32,'utente_1'),(2202,13,2,6,'ANTIPASTI',0,19.77,'utente_1'),(2203,13,4,6,'ANTIPASTI',0,14.9,'utente_1'),(2204,13,5,6,'ANTIPASTI',0,1.7,'utente_1'),(2205,13,6,6,'ANTIPASTI',0,0,'utente_1'),(2206,13,1,1,'PRIMI',0,11.32,'utente_1'),(2207,13,2,1,'PRIMI',0,19.77,'utente_1'),(2208,13,3,1,'PRIMI',0,19.78,'utente_1'),(2209,13,4,1,'PRIMI',0,14.9,'utente_1'),(2210,13,5,1,'PRIMI',0,1.7,'utente_1'),(2211,13,6,1,'PRIMI',0,0,'utente_1'),(2212,13,1,2,'PRIMI',0,11.32,'utente_1'),(2213,13,2,2,'PRIMI',0,19.77,'utente_1'),(2214,13,3,2,'PRIMI',0,19.78,'utente_1'),(2215,13,4,2,'PRIMI',0,14.9,'utente_1'),(2216,13,5,2,'PRIMI',0,1.7,'utente_1'),(2217,13,6,2,'PRIMI',0,0,'utente_1'),(2218,13,1,3,'PRIMI',0,11.32,'utente_1'),(2219,13,2,3,'PRIMI',0,19.77,'utente_1'),(2220,13,3,3,'PRIMI',0,19.78,'utente_1'),(2221,13,4,3,'PRIMI',0,14.9,'utente_1'),(2222,13,5,3,'PRIMI',0,1.7,'utente_1'),(2223,13,6,3,'PRIMI',0,0,'utente_1'),(2224,13,1,4,'PRIMI',0,11.32,'utente_1'),(2225,13,2,4,'PRIMI',0,19.77,'utente_1'),(2226,13,3,4,'PRIMI',0,19.78,'utente_1'),(2227,13,4,4,'PRIMI',0,14.9,'utente_1'),(2228,13,5,4,'PRIMI',0,1.7,'utente_1'),(2229,13,6,4,'PRIMI',0,0,'utente_1'),(2230,13,1,5,'PRIMI',0,11.32,'utente_1'),(2231,13,2,5,'PRIMI',0,19.77,'utente_1'),(2232,13,3,5,'PRIMI',0,19.78,'utente_1'),(2233,13,4,5,'PRIMI',0,14.9,'utente_1'),(2234,13,5,5,'PRIMI',0,1.7,'utente_1'),(2235,13,6,5,'PRIMI',0,0,'utente_1'),(2236,13,1,6,'PRIMI',0,11.32,'utente_1'),(2237,13,2,6,'PRIMI',0,19.77,'utente_1'),(2238,13,3,6,'PRIMI',0,19.78,'utente_1'),(2239,13,4,6,'PRIMI',0,14.9,'utente_1'),(2240,13,5,6,'PRIMI',0,1.7,'utente_1'),(2241,13,6,6,'PRIMI',0,0,'utente_1'),(2242,13,1,7,'PRIMI',0,11.32,'utente_1'),(2243,13,2,7,'PRIMI',0,19.77,'utente_1'),(2244,13,3,7,'PRIMI',0,19.78,'utente_1'),(2245,13,4,7,'PRIMI',0,14.9,'utente_1'),(2246,13,5,7,'PRIMI',0,1.7,'utente_1'),(2247,13,6,7,'PRIMI',0,0,'utente_1'),(2248,13,1,1,'SECONDI',0,11.32,'utente_1'),(2249,13,2,1,'SECONDI',0,19.77,'utente_1'),(2250,13,3,1,'SECONDI',0,19.78,'utente_1'),(2251,13,4,1,'SECONDI',0,14.9,'utente_1'),(2252,13,5,1,'SECONDI',0,1.7,'utente_1'),(2253,13,6,1,'SECONDI',0,0,'utente_1'),(2254,13,1,2,'SECONDI',0,11.32,'utente_1'),(2255,13,2,2,'SECONDI',0,19.77,'utente_1'),(2256,13,3,2,'SECONDI',0,19.78,'utente_1'),(2257,13,4,2,'SECONDI',0,14.9,'utente_1'),(2258,13,5,2,'SECONDI',0,1.7,'utente_1'),(2259,13,6,2,'SECONDI',0,0,'utente_1'),(2260,13,1,3,'SECONDI',0,11.32,'utente_1'),(2261,13,2,3,'SECONDI',0,19.77,'utente_1'),(2262,13,3,3,'SECONDI',0,19.78,'utente_1'),(2263,13,4,3,'SECONDI',0,14.9,'utente_1'),(2264,13,5,3,'SECONDI',0,1.7,'utente_1'),(2265,13,6,3,'SECONDI',0,0,'utente_1'),(2266,13,1,4,'SECONDI',0,11.32,'utente_1'),(2267,13,2,4,'SECONDI',0,19.77,'utente_1'),(2268,13,3,4,'SECONDI',0,19.78,'utente_1'),(2269,13,4,4,'SECONDI',0,14.9,'utente_1'),(2270,13,5,4,'SECONDI',0,1.7,'utente_1'),(2271,13,6,4,'SECONDI',0,0,'utente_1'),(2272,13,1,5,'SECONDI',0,11.32,'utente_1'),(2273,13,2,5,'SECONDI',0,19.77,'utente_1'),(2274,13,3,5,'SECONDI',0,19.78,'utente_1'),(2275,13,4,5,'SECONDI',0,14.9,'utente_1'),(2276,13,5,5,'SECONDI',0,1.7,'utente_1'),(2277,13,6,5,'SECONDI',0,0,'utente_1'),(2278,13,1,6,'SECONDI',0,11.32,'utente_1'),(2279,13,2,6,'SECONDI',0,19.77,'utente_1'),(2280,13,3,6,'SECONDI',0,19.78,'utente_1'),(2281,13,4,6,'SECONDI',0,14.9,'utente_1'),(2282,13,5,6,'SECONDI',0,1.7,'utente_1'),(2283,13,6,6,'SECONDI',0,0,'utente_1'),(2284,13,1,7,'SECONDI',0,11.32,'utente_1'),(2285,13,2,7,'SECONDI',0,19.77,'utente_1'),(2286,13,3,7,'SECONDI',0,19.78,'utente_1'),(2287,13,4,7,'SECONDI',0,14.9,'utente_1'),(2288,13,5,7,'SECONDI',0,1.7,'utente_1'),(2289,13,6,7,'SECONDI',0,0,'utente_1'),(2290,13,1,1,'PIZZERIA',0,11.32,'utente_1'),(2291,13,2,1,'PIZZERIA',0,19.77,'utente_1'),(2292,13,3,1,'PIZZERIA',0,19.78,'utente_1'),(2293,13,4,1,'PIZZERIA',0,14.9,'utente_1'),(2294,13,5,1,'PIZZERIA',0,1.7,'utente_1'),(2295,13,6,1,'PIZZERIA',0,0,'utente_1'),(2296,13,1,2,'PIZZERIA',0,11.32,'utente_1'),(2297,13,2,2,'PIZZERIA',0,19.77,'utente_1'),(2298,13,3,2,'PIZZERIA',0,19.78,'utente_1'),(2299,13,4,2,'PIZZERIA',0,14.9,'utente_1'),(2300,13,5,2,'PIZZERIA',0,1.7,'utente_1'),(2301,13,6,2,'PIZZERIA',0,0,'utente_1'),(2302,13,1,3,'PIZZERIA',0,11.32,'utente_1'),(2303,13,2,3,'PIZZERIA',0,19.77,'utente_1'),(2304,13,3,3,'PIZZERIA',0,19.78,'utente_1'),(2305,13,4,3,'PIZZERIA',0,14.9,'utente_1'),(2306,13,5,3,'PIZZERIA',0,1.7,'utente_1'),(2307,13,6,3,'PIZZERIA',0,0,'utente_1'),(2308,13,1,4,'PIZZERIA',0,11.32,'utente_1'),(2309,13,2,4,'PIZZERIA',0,19.77,'utente_1'),(2310,13,3,4,'PIZZERIA',0,19.78,'utente_1'),(2311,13,4,4,'PIZZERIA',0,14.9,'utente_1'),(2312,13,5,4,'PIZZERIA',0,1.7,'utente_1'),(2313,13,6,4,'PIZZERIA',0,0,'utente_1'),(2314,13,1,5,'PIZZERIA',0,11.32,'utente_1'),(2315,13,2,5,'PIZZERIA',0,19.77,'utente_1'),(2316,13,3,5,'PIZZERIA',0,19.78,'utente_1'),(2317,13,4,5,'PIZZERIA',0,14.9,'utente_1'),(2318,13,5,5,'PIZZERIA',0,1.7,'utente_1'),(2319,13,6,5,'PIZZERIA',0,0,'utente_1'),(2320,13,1,6,'PIZZERIA',0,11.32,'utente_1'),(2321,13,2,6,'PIZZERIA',0,19.77,'utente_1'),(2322,13,3,6,'PIZZERIA',0,19.78,'utente_1'),(2323,13,4,6,'PIZZERIA',0,14.9,'utente_1'),(2324,13,5,6,'PIZZERIA',0,1.7,'utente_1'),(2325,13,6,6,'PIZZERIA',0,0,'utente_1'),(2326,13,1,7,'PIZZERIA',0,11.32,'utente_1'),(2327,13,2,7,'PIZZERIA',0,19.77,'utente_1'),(2328,13,3,7,'PIZZERIA',0,19.78,'utente_1'),(2329,13,4,7,'PIZZERIA',0,14.9,'utente_1'),(2330,13,5,7,'PIZZERIA',0,1.7,'utente_1'),(2331,13,6,7,'PIZZERIA',0,0,'utente_1'),(2332,13,1,1,'PESCE',0,11.32,'utente_1'),(2333,13,2,1,'PESCE',0,19.77,'utente_1'),(2334,13,4,1,'PESCE',0,14.9,'utente_1'),(2335,13,5,1,'PESCE',0,1.7,'utente_1'),(2336,13,6,1,'PESCE',0,0,'utente_1'),(2337,13,1,2,'PESCE',0,11.32,'utente_1'),(2338,13,2,2,'PESCE',0,19.77,'utente_1'),(2339,13,4,2,'PESCE',0,14.9,'utente_1'),(2340,13,5,2,'PESCE',0,1.7,'utente_1'),(2341,13,6,2,'PESCE',0,0,'utente_1'),(2342,13,1,3,'PESCE',0,11.32,'utente_1'),(2343,13,2,3,'PESCE',0,19.77,'utente_1'),(2344,13,4,3,'PESCE',0,14.9,'utente_1'),(2345,13,5,3,'PESCE',0,1.7,'utente_1'),(2346,13,6,3,'PESCE',0,0,'utente_1'),(2347,13,1,4,'PESCE',0,11.32,'utente_1'),(2348,13,2,4,'PESCE',0,19.77,'utente_1'),(2349,13,4,4,'PESCE',0,14.9,'utente_1'),(2350,13,5,4,'PESCE',0,1.7,'utente_1'),(2351,13,6,4,'PESCE',0,0,'utente_1'),(2352,13,1,5,'PESCE',0,11.32,'utente_1'),(2353,13,2,5,'PESCE',0,19.77,'utente_1'),(2354,13,4,5,'PESCE',0,14.9,'utente_1'),(2355,13,5,5,'PESCE',0,1.7,'utente_1'),(2356,13,6,5,'PESCE',0,0,'utente_1'),(2357,13,1,6,'PESCE',0,11.32,'utente_1'),(2358,13,2,6,'PESCE',0,19.77,'utente_1'),(2359,13,4,6,'PESCE',0,14.9,'utente_1'),(2360,13,5,6,'PESCE',0,1.7,'utente_1'),(2361,13,6,6,'PESCE',0,0,'utente_1'),(2362,13,1,7,'PESCE',0,11.32,'utente_1'),(2363,13,2,7,'PESCE',0,19.77,'utente_1'),(2364,13,4,7,'PESCE',0,14.9,'utente_1'),(2365,13,5,7,'PESCE',0,1.7,'utente_1'),(2366,13,6,7,'PESCE',0,0,'utente_1'),(2367,14,1,1,'ANTIPASTI',0,11.09,'utente_1'),(2368,14,1,1,'ANTIPASTI',0,11.32,'utente_1'),(2369,14,2,1,'ANTIPASTI',0,19.77,'utente_1'),(2370,14,4,1,'ANTIPASTI',0,14.9,'utente_1'),(2371,14,5,1,'ANTIPASTI',0,1.7,'utente_1'),(2372,14,6,1,'ANTIPASTI',0,0,'utente_1'),(2373,14,1,4,'ANTIPASTI',0,11.32,'utente_1'),(2374,14,2,4,'ANTIPASTI',0,19.77,'utente_1'),(2375,14,4,4,'ANTIPASTI',0,14.9,'utente_1'),(2376,14,5,4,'ANTIPASTI',0,1.7,'utente_1'),(2377,14,6,4,'ANTIPASTI',0,0,'utente_1'),(2378,14,1,5,'ANTIPASTI',0,11.32,'utente_1'),(2379,14,2,5,'ANTIPASTI',0,19.77,'utente_1'),(2380,14,4,5,'ANTIPASTI',0,14.9,'utente_1'),(2381,14,5,5,'ANTIPASTI',0,1.7,'utente_1'),(2382,14,6,5,'ANTIPASTI',0,0,'utente_1'),(2383,14,1,6,'ANTIPASTI',0,11.32,'utente_1'),(2384,14,2,6,'ANTIPASTI',0,19.77,'utente_1'),(2385,14,4,6,'ANTIPASTI',0,14.9,'utente_1'),(2386,14,5,6,'ANTIPASTI',0,1.7,'utente_1'),(2387,14,6,6,'ANTIPASTI',0,0,'utente_1'),(2388,14,1,1,'PRIMI',0,11.32,'utente_1'),(2389,14,2,1,'PRIMI',0,19.77,'utente_1'),(2390,14,3,1,'PRIMI',0,19.78,'utente_1'),(2391,14,4,1,'PRIMI',0,14.9,'utente_1'),(2392,14,5,1,'PRIMI',0,1.7,'utente_1'),(2393,14,6,1,'PRIMI',0,0,'utente_1'),(2394,14,1,2,'PRIMI',0,11.32,'utente_1'),(2395,14,2,2,'PRIMI',0,19.77,'utente_1'),(2396,14,3,2,'PRIMI',0,19.78,'utente_1'),(2397,14,4,2,'PRIMI',0,14.9,'utente_1'),(2398,14,5,2,'PRIMI',0,1.7,'utente_1'),(2399,14,6,2,'PRIMI',0,0,'utente_1'),(2400,14,1,3,'PRIMI',0,11.32,'utente_1'),(2401,14,2,3,'PRIMI',0,19.77,'utente_1'),(2402,14,3,3,'PRIMI',0,19.78,'utente_1'),(2403,14,4,3,'PRIMI',0,14.9,'utente_1'),(2404,14,5,3,'PRIMI',0,1.7,'utente_1'),(2405,14,6,3,'PRIMI',0,0,'utente_1'),(2406,14,1,4,'PRIMI',0,11.32,'utente_1'),(2407,14,2,4,'PRIMI',0,19.77,'utente_1'),(2408,14,3,4,'PRIMI',0,19.78,'utente_1'),(2409,14,4,4,'PRIMI',0,14.9,'utente_1'),(2410,14,5,4,'PRIMI',0,1.7,'utente_1'),(2411,14,6,4,'PRIMI',0,0,'utente_1'),(2412,14,1,5,'PRIMI',0,11.32,'utente_1'),(2413,14,2,5,'PRIMI',0,19.77,'utente_1'),(2414,14,3,5,'PRIMI',0,19.78,'utente_1'),(2415,14,4,5,'PRIMI',0,14.9,'utente_1'),(2416,14,5,5,'PRIMI',0,1.7,'utente_1'),(2417,14,6,5,'PRIMI',0,0,'utente_1'),(2418,14,1,6,'PRIMI',0,11.32,'utente_1'),(2419,14,2,6,'PRIMI',0,19.77,'utente_1'),(2420,14,3,6,'PRIMI',0,19.78,'utente_1'),(2421,14,4,6,'PRIMI',0,14.9,'utente_1'),(2422,14,5,6,'PRIMI',0,1.7,'utente_1'),(2423,14,6,6,'PRIMI',0,0,'utente_1'),(2424,14,1,7,'PRIMI',0,11.32,'utente_1'),(2425,14,2,7,'PRIMI',0,19.77,'utente_1'),(2426,14,3,7,'PRIMI',0,19.78,'utente_1'),(2427,14,4,7,'PRIMI',0,14.9,'utente_1'),(2428,14,5,7,'PRIMI',0,1.7,'utente_1'),(2429,14,6,7,'PRIMI',0,0,'utente_1'),(2430,14,1,1,'SECONDI',0,11.32,'utente_1'),(2431,14,2,1,'SECONDI',0,19.77,'utente_1'),(2432,14,3,1,'SECONDI',0,19.78,'utente_1'),(2433,14,4,1,'SECONDI',0,14.9,'utente_1'),(2434,14,5,1,'SECONDI',0,1.7,'utente_1'),(2435,14,6,1,'SECONDI',0,0,'utente_1'),(2436,14,1,2,'SECONDI',0,11.32,'utente_1'),(2437,14,2,2,'SECONDI',0,19.77,'utente_1'),(2438,14,3,2,'SECONDI',0,19.78,'utente_1'),(2439,14,4,2,'SECONDI',0,14.9,'utente_1'),(2440,14,5,2,'SECONDI',0,1.7,'utente_1'),(2441,14,6,2,'SECONDI',0,0,'utente_1'),(2442,14,1,3,'SECONDI',0,11.32,'utente_1'),(2443,14,2,3,'SECONDI',0,19.77,'utente_1'),(2444,14,3,3,'SECONDI',0,19.78,'utente_1'),(2445,14,4,3,'SECONDI',0,14.9,'utente_1'),(2446,14,5,3,'SECONDI',0,1.7,'utente_1'),(2447,14,6,3,'SECONDI',0,0,'utente_1'),(2448,14,1,4,'SECONDI',0,11.32,'utente_1'),(2449,14,2,4,'SECONDI',0,19.77,'utente_1'),(2450,14,3,4,'SECONDI',0,19.78,'utente_1'),(2451,14,4,4,'SECONDI',0,14.9,'utente_1'),(2452,14,5,4,'SECONDI',0,1.7,'utente_1'),(2453,14,6,4,'SECONDI',0,0,'utente_1'),(2454,14,1,5,'SECONDI',0,11.32,'utente_1'),(2455,14,2,5,'SECONDI',0,19.77,'utente_1'),(2456,14,3,5,'SECONDI',0,19.78,'utente_1'),(2457,14,4,5,'SECONDI',0,14.9,'utente_1'),(2458,14,5,5,'SECONDI',0,1.7,'utente_1'),(2459,14,6,5,'SECONDI',0,0,'utente_1'),(2460,14,1,6,'SECONDI',0,11.32,'utente_1'),(2461,14,2,6,'SECONDI',0,19.77,'utente_1'),(2462,14,3,6,'SECONDI',0,19.78,'utente_1'),(2463,14,4,6,'SECONDI',0,14.9,'utente_1'),(2464,14,5,6,'SECONDI',0,1.7,'utente_1'),(2465,14,6,6,'SECONDI',0,0,'utente_1'),(2466,14,1,7,'SECONDI',0,11.32,'utente_1'),(2467,14,2,7,'SECONDI',0,19.77,'utente_1'),(2468,14,3,7,'SECONDI',0,19.78,'utente_1'),(2469,14,4,7,'SECONDI',0,14.9,'utente_1'),(2470,14,5,7,'SECONDI',0,1.7,'utente_1'),(2471,14,6,7,'SECONDI',0,0,'utente_1'),(2472,14,1,1,'PIZZERIA',0,11.32,'utente_1'),(2473,14,2,1,'PIZZERIA',0,19.77,'utente_1'),(2474,14,3,1,'PIZZERIA',0,19.78,'utente_1'),(2475,14,4,1,'PIZZERIA',0,14.9,'utente_1'),(2476,14,5,1,'PIZZERIA',0,1.7,'utente_1'),(2477,14,6,1,'PIZZERIA',0,0,'utente_1'),(2478,14,1,2,'PIZZERIA',0,11.32,'utente_1'),(2479,14,2,2,'PIZZERIA',0,19.77,'utente_1'),(2480,14,3,2,'PIZZERIA',0,19.78,'utente_1'),(2481,14,4,2,'PIZZERIA',0,14.9,'utente_1'),(2482,14,5,2,'PIZZERIA',0,1.7,'utente_1'),(2483,14,6,2,'PIZZERIA',0,0,'utente_1'),(2484,14,1,3,'PIZZERIA',0,11.32,'utente_1'),(2485,14,2,3,'PIZZERIA',0,19.77,'utente_1'),(2486,14,3,3,'PIZZERIA',0,19.78,'utente_1'),(2487,14,4,3,'PIZZERIA',0,14.9,'utente_1'),(2488,14,5,3,'PIZZERIA',0,1.7,'utente_1'),(2489,14,6,3,'PIZZERIA',0,0,'utente_1'),(2490,14,1,4,'PIZZERIA',0,11.32,'utente_1'),(2491,14,2,4,'PIZZERIA',0,19.77,'utente_1'),(2492,14,3,4,'PIZZERIA',0,19.78,'utente_1'),(2493,14,4,4,'PIZZERIA',0,14.9,'utente_1'),(2494,14,5,4,'PIZZERIA',0,1.7,'utente_1'),(2495,14,6,4,'PIZZERIA',0,0,'utente_1'),(2496,14,1,5,'PIZZERIA',0,11.32,'utente_1'),(2497,14,2,5,'PIZZERIA',0,19.77,'utente_1'),(2498,14,3,5,'PIZZERIA',0,19.78,'utente_1'),(2499,14,4,5,'PIZZERIA',0,14.9,'utente_1'),(2500,14,5,5,'PIZZERIA',0,1.7,'utente_1'),(2501,14,6,5,'PIZZERIA',0,0,'utente_1'),(2502,14,1,6,'PIZZERIA',0,11.32,'utente_1'),(2503,14,2,6,'PIZZERIA',0,19.77,'utente_1'),(2504,14,3,6,'PIZZERIA',0,19.78,'utente_1'),(2505,14,4,6,'PIZZERIA',0,14.9,'utente_1'),(2506,14,5,6,'PIZZERIA',0,1.7,'utente_1'),(2507,14,6,6,'PIZZERIA',0,0,'utente_1'),(2508,14,1,7,'PIZZERIA',0,11.32,'utente_1'),(2509,14,2,7,'PIZZERIA',0,19.77,'utente_1'),(2510,14,3,7,'PIZZERIA',0,19.78,'utente_1'),(2511,14,4,7,'PIZZERIA',0,14.9,'utente_1'),(2512,14,5,7,'PIZZERIA',0,1.7,'utente_1'),(2513,14,6,7,'PIZZERIA',0,0,'utente_1'),(2514,14,1,1,'PESCE',0,11.32,'utente_1'),(2515,14,2,1,'PESCE',0,19.77,'utente_1'),(2516,14,4,1,'PESCE',0,14.9,'utente_1'),(2517,14,5,1,'PESCE',0,1.7,'utente_1'),(2518,14,6,1,'PESCE',0,0,'utente_1'),(2519,14,1,2,'PESCE',0,11.32,'utente_1'),(2520,14,2,2,'PESCE',0,19.77,'utente_1'),(2521,14,4,2,'PESCE',0,14.9,'utente_1'),(2522,14,5,2,'PESCE',0,1.7,'utente_1'),(2523,14,6,2,'PESCE',0,0,'utente_1'),(2524,14,1,3,'PESCE',0,11.32,'utente_1'),(2525,14,2,3,'PESCE',0,19.77,'utente_1'),(2526,14,4,3,'PESCE',0,14.9,'utente_1'),(2527,14,5,3,'PESCE',0,1.7,'utente_1'),(2528,14,6,3,'PESCE',0,0,'utente_1'),(2529,14,1,4,'PESCE',0,11.32,'utente_1'),(2530,14,2,4,'PESCE',0,19.77,'utente_1'),(2531,14,4,4,'PESCE',0,14.9,'utente_1'),(2532,14,5,4,'PESCE',0,1.7,'utente_1'),(2533,14,6,4,'PESCE',0,0,'utente_1'),(2534,14,1,5,'PESCE',0,11.32,'utente_1'),(2535,14,2,5,'PESCE',0,19.77,'utente_1'),(2536,14,4,5,'PESCE',0,14.9,'utente_1'),(2537,14,5,5,'PESCE',0,1.7,'utente_1'),(2538,14,6,5,'PESCE',0,0,'utente_1'),(2539,14,1,6,'PESCE',0,11.32,'utente_1'),(2540,14,2,6,'PESCE',0,19.77,'utente_1'),(2541,14,4,6,'PESCE',0,14.9,'utente_1'),(2542,14,5,6,'PESCE',0,1.7,'utente_1'),(2543,14,6,6,'PESCE',0,0,'utente_1'),(2544,14,1,7,'PESCE',0,11.32,'utente_1'),(2545,14,2,7,'PESCE',0,19.77,'utente_1'),(2546,14,4,7,'PESCE',0,14.9,'utente_1'),(2547,14,5,7,'PESCE',0,1.7,'utente_1'),(2548,14,6,7,'PESCE',0,0,'utente_1'),(2549,13,1,1,'ANTIPASTI',0,11.09,'utente_1'),(2550,13,1,1,'ANTIPASTI',0,11.32,'utente_1'),(2551,13,2,1,'ANTIPASTI',0,19.77,'utente_1'),(2552,13,4,1,'ANTIPASTI',0,14.9,'utente_1'),(2553,13,5,1,'ANTIPASTI',0,1.7,'utente_1'),(2554,13,6,1,'ANTIPASTI',0,0,'utente_1'),(2555,13,1,4,'ANTIPASTI',0,11.32,'utente_1'),(2556,13,2,4,'ANTIPASTI',0,19.77,'utente_1'),(2557,13,4,4,'ANTIPASTI',0,14.9,'utente_1'),(2558,13,5,4,'ANTIPASTI',0,1.7,'utente_1'),(2559,13,6,4,'ANTIPASTI',0,0,'utente_1'),(2560,13,1,5,'ANTIPASTI',0,11.32,'utente_1'),(2561,13,2,5,'ANTIPASTI',0,19.77,'utente_1'),(2562,13,4,5,'ANTIPASTI',0,14.9,'utente_1'),(2563,13,5,5,'ANTIPASTI',0,1.7,'utente_1'),(2564,13,6,5,'ANTIPASTI',0,0,'utente_1'),(2565,13,1,6,'ANTIPASTI',0,11.32,'utente_1'),(2566,13,2,6,'ANTIPASTI',0,19.77,'utente_1'),(2567,13,4,6,'ANTIPASTI',0,14.9,'utente_1'),(2568,13,5,6,'ANTIPASTI',0,1.7,'utente_1'),(2569,13,6,6,'ANTIPASTI',0,0,'utente_1'),(2570,13,1,1,'PRIMI',0,11.32,'utente_1'),(2571,13,2,1,'PRIMI',0,19.77,'utente_1'),(2572,13,3,1,'PRIMI',0,19.78,'utente_1'),(2573,13,4,1,'PRIMI',0,14.9,'utente_1'),(2574,13,5,1,'PRIMI',0,1.7,'utente_1'),(2575,13,6,1,'PRIMI',0,0,'utente_1'),(2576,13,1,2,'PRIMI',0,11.32,'utente_1'),(2577,13,2,2,'PRIMI',0,19.77,'utente_1'),(2578,13,3,2,'PRIMI',0,19.78,'utente_1'),(2579,13,4,2,'PRIMI',0,14.9,'utente_1'),(2580,13,5,2,'PRIMI',0,1.7,'utente_1'),(2581,13,6,2,'PRIMI',0,0,'utente_1'),(2582,13,1,3,'PRIMI',0,11.32,'utente_1'),(2583,13,2,3,'PRIMI',0,19.77,'utente_1'),(2584,13,3,3,'PRIMI',0,19.78,'utente_1'),(2585,13,4,3,'PRIMI',0,14.9,'utente_1'),(2586,13,5,3,'PRIMI',0,1.7,'utente_1'),(2587,13,6,3,'PRIMI',0,0,'utente_1'),(2588,13,1,4,'PRIMI',0,11.32,'utente_1'),(2589,13,2,4,'PRIMI',0,19.77,'utente_1'),(2590,13,3,4,'PRIMI',0,19.78,'utente_1'),(2591,13,4,4,'PRIMI',0,14.9,'utente_1'),(2592,13,5,4,'PRIMI',0,1.7,'utente_1'),(2593,13,6,4,'PRIMI',0,0,'utente_1'),(2594,13,1,5,'PRIMI',0,11.32,'utente_1'),(2595,13,2,5,'PRIMI',0,19.77,'utente_1'),(2596,13,3,5,'PRIMI',0,19.78,'utente_1'),(2597,13,4,5,'PRIMI',0,14.9,'utente_1'),(2598,13,5,5,'PRIMI',0,1.7,'utente_1'),(2599,13,6,5,'PRIMI',0,0,'utente_1'),(2600,13,1,6,'PRIMI',0,11.32,'utente_1'),(2601,13,2,6,'PRIMI',0,19.77,'utente_1'),(2602,13,3,6,'PRIMI',0,19.78,'utente_1'),(2603,13,4,6,'PRIMI',0,14.9,'utente_1'),(2604,13,5,6,'PRIMI',0,1.7,'utente_1'),(2605,13,6,6,'PRIMI',0,0,'utente_1'),(2606,13,1,7,'PRIMI',0,11.32,'utente_1'),(2607,13,2,7,'PRIMI',0,19.77,'utente_1'),(2608,13,3,7,'PRIMI',0,19.78,'utente_1'),(2609,13,4,7,'PRIMI',0,14.9,'utente_1'),(2610,13,5,7,'PRIMI',0,1.7,'utente_1'),(2611,13,6,7,'PRIMI',0,0,'utente_1'),(2612,13,1,1,'SECONDI',0,11.32,'utente_1'),(2613,13,2,1,'SECONDI',0,19.77,'utente_1'),(2614,13,3,1,'SECONDI',0,19.78,'utente_1'),(2615,13,4,1,'SECONDI',0,14.9,'utente_1'),(2616,13,5,1,'SECONDI',0,1.7,'utente_1'),(2617,13,6,1,'SECONDI',0,0,'utente_1'),(2618,13,1,2,'SECONDI',0,11.32,'utente_1'),(2619,13,2,2,'SECONDI',0,19.77,'utente_1'),(2620,13,3,2,'SECONDI',0,19.78,'utente_1'),(2621,13,4,2,'SECONDI',0,14.9,'utente_1'),(2622,13,5,2,'SECONDI',0,1.7,'utente_1'),(2623,13,6,2,'SECONDI',0,0,'utente_1'),(2624,13,1,3,'SECONDI',0,11.32,'utente_1'),(2625,13,2,3,'SECONDI',0,19.77,'utente_1'),(2626,13,3,3,'SECONDI',0,19.78,'utente_1'),(2627,13,4,3,'SECONDI',0,14.9,'utente_1'),(2628,13,5,3,'SECONDI',0,1.7,'utente_1'),(2629,13,6,3,'SECONDI',0,0,'utente_1'),(2630,13,1,4,'SECONDI',0,11.32,'utente_1'),(2631,13,2,4,'SECONDI',0,19.77,'utente_1'),(2632,13,3,4,'SECONDI',0,19.78,'utente_1'),(2633,13,4,4,'SECONDI',0,14.9,'utente_1'),(2634,13,5,4,'SECONDI',0,1.7,'utente_1'),(2635,13,6,4,'SECONDI',0,0,'utente_1'),(2636,13,1,5,'SECONDI',0,11.32,'utente_1'),(2637,13,2,5,'SECONDI',0,19.77,'utente_1'),(2638,13,3,5,'SECONDI',0,19.78,'utente_1'),(2639,13,4,5,'SECONDI',0,14.9,'utente_1'),(2640,13,5,5,'SECONDI',0,1.7,'utente_1'),(2641,13,6,5,'SECONDI',0,0,'utente_1'),(2642,13,1,6,'SECONDI',0,11.32,'utente_1'),(2643,13,2,6,'SECONDI',0,19.77,'utente_1'),(2644,13,3,6,'SECONDI',0,19.78,'utente_1'),(2645,13,4,6,'SECONDI',0,14.9,'utente_1'),(2646,13,5,6,'SECONDI',0,1.7,'utente_1'),(2647,13,6,6,'SECONDI',0,0,'utente_1'),(2648,13,1,7,'SECONDI',0,11.32,'utente_1'),(2649,13,2,7,'SECONDI',0,19.77,'utente_1'),(2650,13,3,7,'SECONDI',0,19.78,'utente_1'),(2651,13,4,7,'SECONDI',0,14.9,'utente_1'),(2652,13,5,7,'SECONDI',0,1.7,'utente_1'),(2653,13,6,7,'SECONDI',0,0,'utente_1'),(2654,13,1,1,'PIZZERIA',0,11.32,'utente_1'),(2655,13,2,1,'PIZZERIA',0,19.77,'utente_1'),(2656,13,3,1,'PIZZERIA',0,19.78,'utente_1'),(2657,13,4,1,'PIZZERIA',0,14.9,'utente_1'),(2658,13,5,1,'PIZZERIA',0,1.7,'utente_1'),(2659,13,6,1,'PIZZERIA',0,0,'utente_1'),(2660,13,1,2,'PIZZERIA',0,11.32,'utente_1'),(2661,13,2,2,'PIZZERIA',0,19.77,'utente_1'),(2662,13,3,2,'PIZZERIA',0,19.78,'utente_1'),(2663,13,4,2,'PIZZERIA',0,14.9,'utente_1'),(2664,13,5,2,'PIZZERIA',0,1.7,'utente_1'),(2665,13,6,2,'PIZZERIA',0,0,'utente_1'),(2666,13,1,3,'PIZZERIA',0,11.32,'utente_1'),(2667,13,2,3,'PIZZERIA',0,19.77,'utente_1'),(2668,13,3,3,'PIZZERIA',0,19.78,'utente_1'),(2669,13,4,3,'PIZZERIA',0,14.9,'utente_1'),(2670,13,5,3,'PIZZERIA',0,1.7,'utente_1'),(2671,13,6,3,'PIZZERIA',0,0,'utente_1'),(2672,13,1,4,'PIZZERIA',0,11.32,'utente_1'),(2673,13,2,4,'PIZZERIA',0,19.77,'utente_1'),(2674,13,3,4,'PIZZERIA',0,19.78,'utente_1'),(2675,13,4,4,'PIZZERIA',0,14.9,'utente_1'),(2676,13,5,4,'PIZZERIA',0,1.7,'utente_1'),(2677,13,6,4,'PIZZERIA',0,0,'utente_1'),(2678,13,1,5,'PIZZERIA',0,11.32,'utente_1'),(2679,13,2,5,'PIZZERIA',0,19.77,'utente_1'),(2680,13,3,5,'PIZZERIA',0,19.78,'utente_1'),(2681,13,4,5,'PIZZERIA',0,14.9,'utente_1'),(2682,13,5,5,'PIZZERIA',0,1.7,'utente_1'),(2683,13,6,5,'PIZZERIA',0,0,'utente_1'),(2684,13,1,6,'PIZZERIA',0,11.32,'utente_1'),(2685,13,2,6,'PIZZERIA',0,19.77,'utente_1'),(2686,13,3,6,'PIZZERIA',0,19.78,'utente_1'),(2687,13,4,6,'PIZZERIA',0,14.9,'utente_1'),(2688,13,5,6,'PIZZERIA',0,1.7,'utente_1'),(2689,13,6,6,'PIZZERIA',0,0,'utente_1'),(2690,13,1,7,'PIZZERIA',0,11.32,'utente_1'),(2691,13,2,7,'PIZZERIA',0,19.77,'utente_1'),(2692,13,3,7,'PIZZERIA',0,19.78,'utente_1'),(2693,13,4,7,'PIZZERIA',0,14.9,'utente_1'),(2694,13,5,7,'PIZZERIA',0,1.7,'utente_1'),(2695,13,6,7,'PIZZERIA',0,0,'utente_1'),(2696,13,1,1,'PESCE',0,11.32,'utente_1'),(2697,13,2,1,'PESCE',0,19.77,'utente_1'),(2698,13,4,1,'PESCE',0,14.9,'utente_1'),(2699,13,5,1,'PESCE',0,1.7,'utente_1'),(2700,13,6,1,'PESCE',0,0,'utente_1'),(2701,13,1,2,'PESCE',0,11.32,'utente_1'),(2702,13,2,2,'PESCE',0,19.77,'utente_1'),(2703,13,4,2,'PESCE',0,14.9,'utente_1'),(2704,13,5,2,'PESCE',0,1.7,'utente_1'),(2705,13,6,2,'PESCE',0,0,'utente_1'),(2706,13,1,3,'PESCE',0,11.32,'utente_1'),(2707,13,2,3,'PESCE',0,19.77,'utente_1'),(2708,13,4,3,'PESCE',0,14.9,'utente_1'),(2709,13,5,3,'PESCE',0,1.7,'utente_1'),(2710,13,6,3,'PESCE',0,0,'utente_1'),(2711,13,1,4,'PESCE',0,11.32,'utente_1'),(2712,13,2,4,'PESCE',0,19.77,'utente_1'),(2713,13,4,4,'PESCE',0,14.9,'utente_1'),(2714,13,5,4,'PESCE',0,1.7,'utente_1'),(2715,13,6,4,'PESCE',0,0,'utente_1'),(2716,13,1,5,'PESCE',0,11.32,'utente_1'),(2717,13,2,5,'PESCE',0,19.77,'utente_1'),(2718,13,4,5,'PESCE',0,14.9,'utente_1'),(2719,13,5,5,'PESCE',0,1.7,'utente_1'),(2720,13,6,5,'PESCE',0,0,'utente_1'),(2721,13,1,6,'PESCE',0,11.32,'utente_1'),(2722,13,2,6,'PESCE',0,19.77,'utente_1'),(2723,13,4,6,'PESCE',0,14.9,'utente_1'),(2724,13,5,6,'PESCE',0,1.7,'utente_1'),(2725,13,6,6,'PESCE',0,0,'utente_1'),(2726,13,1,7,'PESCE',0,11.32,'utente_1'),(2727,13,2,7,'PESCE',0,19.77,'utente_1'),(2728,13,4,7,'PESCE',0,14.9,'utente_1'),(2729,13,5,7,'PESCE',0,1.7,'utente_1'),(2730,13,6,7,'PESCE',0,0,'utente_1'),(2731,16,1,1,'ANTIPASTI',0,11.09,'utente_1'),(2732,16,1,1,'ANTIPASTI',0,11.32,'utente_1'),(2733,16,2,1,'ANTIPASTI',0,19.77,'utente_1'),(2734,16,4,1,'ANTIPASTI',0,14.9,'utente_1'),(2735,16,5,1,'ANTIPASTI',0,1.7,'utente_1'),(2736,16,6,1,'ANTIPASTI',0,0,'utente_1'),(2737,16,1,4,'ANTIPASTI',0,11.32,'utente_1'),(2738,16,2,4,'ANTIPASTI',0,19.77,'utente_1'),(2739,16,4,4,'ANTIPASTI',0,14.9,'utente_1'),(2740,16,5,4,'ANTIPASTI',0,1.7,'utente_1'),(2741,16,6,4,'ANTIPASTI',0,0,'utente_1'),(2742,16,1,5,'ANTIPASTI',0,11.32,'utente_1'),(2743,16,2,5,'ANTIPASTI',0,19.77,'utente_1'),(2744,16,4,5,'ANTIPASTI',0,14.9,'utente_1'),(2745,16,5,5,'ANTIPASTI',0,1.7,'utente_1'),(2746,16,6,5,'ANTIPASTI',0,0,'utente_1'),(2747,16,1,6,'ANTIPASTI',0,11.32,'utente_1'),(2748,16,2,6,'ANTIPASTI',0,19.77,'utente_1'),(2749,16,4,6,'ANTIPASTI',0,14.9,'utente_1'),(2750,16,5,6,'ANTIPASTI',0,1.7,'utente_1'),(2751,16,6,6,'ANTIPASTI',0,0,'utente_1'),(2752,16,1,1,'PRIMI',0,11.32,'utente_1'),(2753,16,2,1,'PRIMI',0,19.77,'utente_1'),(2754,16,3,1,'PRIMI',0,19.78,'utente_1'),(2755,16,4,1,'PRIMI',0,14.9,'utente_1'),(2756,16,5,1,'PRIMI',0,1.7,'utente_1'),(2757,16,6,1,'PRIMI',0,0,'utente_1'),(2758,16,1,2,'PRIMI',0,11.32,'utente_1'),(2759,16,2,2,'PRIMI',0,19.77,'utente_1'),(2760,16,3,2,'PRIMI',0,19.78,'utente_1'),(2761,16,4,2,'PRIMI',0,14.9,'utente_1'),(2762,16,5,2,'PRIMI',0,1.7,'utente_1'),(2763,16,6,2,'PRIMI',0,0,'utente_1'),(2764,16,1,3,'PRIMI',0,11.32,'utente_1'),(2765,16,2,3,'PRIMI',0,19.77,'utente_1'),(2766,16,3,3,'PRIMI',0,19.78,'utente_1'),(2767,16,4,3,'PRIMI',0,14.9,'utente_1'),(2768,16,5,3,'PRIMI',0,1.7,'utente_1'),(2769,16,6,3,'PRIMI',0,0,'utente_1'),(2770,16,1,4,'PRIMI',0,11.32,'utente_1'),(2771,16,2,4,'PRIMI',0,19.77,'utente_1'),(2772,16,3,4,'PRIMI',0,19.78,'utente_1'),(2773,16,4,4,'PRIMI',0,14.9,'utente_1'),(2774,16,5,4,'PRIMI',0,1.7,'utente_1'),(2775,16,6,4,'PRIMI',0,0,'utente_1'),(2776,16,1,5,'PRIMI',0,11.32,'utente_1'),(2777,16,2,5,'PRIMI',0,19.77,'utente_1'),(2778,16,3,5,'PRIMI',0,19.78,'utente_1'),(2779,16,4,5,'PRIMI',0,14.9,'utente_1'),(2780,16,5,5,'PRIMI',0,1.7,'utente_1'),(2781,16,6,5,'PRIMI',0,0,'utente_1'),(2782,16,1,6,'PRIMI',0,11.32,'utente_1'),(2783,16,2,6,'PRIMI',0,19.77,'utente_1'),(2784,16,3,6,'PRIMI',0,19.78,'utente_1'),(2785,16,4,6,'PRIMI',0,14.9,'utente_1'),(2786,16,5,6,'PRIMI',0,1.7,'utente_1'),(2787,16,6,6,'PRIMI',0,0,'utente_1'),(2788,16,1,7,'PRIMI',0,11.32,'utente_1'),(2789,16,2,7,'PRIMI',0,19.77,'utente_1'),(2790,16,3,7,'PRIMI',0,19.78,'utente_1'),(2791,16,4,7,'PRIMI',0,14.9,'utente_1'),(2792,16,5,7,'PRIMI',0,1.7,'utente_1'),(2793,16,6,7,'PRIMI',0,0,'utente_1'),(2794,16,1,1,'SECONDI',0,11.32,'utente_1'),(2795,16,2,1,'SECONDI',0,19.77,'utente_1'),(2796,16,3,1,'SECONDI',0,19.78,'utente_1'),(2797,16,4,1,'SECONDI',0,14.9,'utente_1'),(2798,16,5,1,'SECONDI',0,1.7,'utente_1'),(2799,16,6,1,'SECONDI',0,0,'utente_1'),(2800,16,1,2,'SECONDI',0,11.32,'utente_1'),(2801,16,2,2,'SECONDI',0,19.77,'utente_1'),(2802,16,3,2,'SECONDI',0,19.78,'utente_1'),(2803,16,4,2,'SECONDI',0,14.9,'utente_1'),(2804,16,5,2,'SECONDI',0,1.7,'utente_1'),(2805,16,6,2,'SECONDI',0,0,'utente_1'),(2806,16,1,3,'SECONDI',0,11.32,'utente_1'),(2807,16,2,3,'SECONDI',0,19.77,'utente_1'),(2808,16,3,3,'SECONDI',0,19.78,'utente_1'),(2809,16,4,3,'SECONDI',0,14.9,'utente_1'),(2810,16,5,3,'SECONDI',0,1.7,'utente_1'),(2811,16,6,3,'SECONDI',0,0,'utente_1'),(2812,16,1,4,'SECONDI',0,11.32,'utente_1'),(2813,16,2,4,'SECONDI',0,19.77,'utente_1'),(2814,16,3,4,'SECONDI',0,19.78,'utente_1'),(2815,16,4,4,'SECONDI',0,14.9,'utente_1'),(2816,16,5,4,'SECONDI',0,1.7,'utente_1'),(2817,16,6,4,'SECONDI',0,0,'utente_1'),(2818,16,1,5,'SECONDI',0,11.32,'utente_1'),(2819,16,2,5,'SECONDI',0,19.77,'utente_1'),(2820,16,3,5,'SECONDI',0,19.78,'utente_1'),(2821,16,4,5,'SECONDI',0,14.9,'utente_1'),(2822,16,5,5,'SECONDI',0,1.7,'utente_1'),(2823,16,6,5,'SECONDI',0,0,'utente_1'),(2824,16,1,6,'SECONDI',0,11.32,'utente_1'),(2825,16,2,6,'SECONDI',0,19.77,'utente_1'),(2826,16,3,6,'SECONDI',0,19.78,'utente_1'),(2827,16,4,6,'SECONDI',0,14.9,'utente_1'),(2828,16,5,6,'SECONDI',0,1.7,'utente_1'),(2829,16,6,6,'SECONDI',0,0,'utente_1'),(2830,16,1,7,'SECONDI',0,11.32,'utente_1'),(2831,16,2,7,'SECONDI',0,19.77,'utente_1'),(2832,16,3,7,'SECONDI',0,19.78,'utente_1'),(2833,16,4,7,'SECONDI',0,14.9,'utente_1'),(2834,16,5,7,'SECONDI',0,1.7,'utente_1'),(2835,16,6,7,'SECONDI',0,0,'utente_1'),(2836,16,1,1,'PIZZERIA',0,11.32,'utente_1'),(2837,16,2,1,'PIZZERIA',0,19.77,'utente_1'),(2838,16,3,1,'PIZZERIA',0,19.78,'utente_1'),(2839,16,4,1,'PIZZERIA',0,14.9,'utente_1'),(2840,16,5,1,'PIZZERIA',0,1.7,'utente_1'),(2841,16,6,1,'PIZZERIA',0,0,'utente_1'),(2842,16,1,2,'PIZZERIA',0,11.32,'utente_1'),(2843,16,2,2,'PIZZERIA',0,19.77,'utente_1'),(2844,16,3,2,'PIZZERIA',0,19.78,'utente_1'),(2845,16,4,2,'PIZZERIA',0,14.9,'utente_1'),(2846,16,5,2,'PIZZERIA',0,1.7,'utente_1'),(2847,16,6,2,'PIZZERIA',0,0,'utente_1'),(2848,16,1,3,'PIZZERIA',0,11.32,'utente_1'),(2849,16,2,3,'PIZZERIA',0,19.77,'utente_1'),(2850,16,3,3,'PIZZERIA',0,19.78,'utente_1'),(2851,16,4,3,'PIZZERIA',0,14.9,'utente_1'),(2852,16,5,3,'PIZZERIA',0,1.7,'utente_1'),(2853,16,6,3,'PIZZERIA',0,0,'utente_1'),(2854,16,1,4,'PIZZERIA',0,11.32,'utente_1'),(2855,16,2,4,'PIZZERIA',0,19.77,'utente_1'),(2856,16,3,4,'PIZZERIA',0,19.78,'utente_1'),(2857,16,4,4,'PIZZERIA',0,14.9,'utente_1'),(2858,16,5,4,'PIZZERIA',0,1.7,'utente_1'),(2859,16,6,4,'PIZZERIA',0,0,'utente_1'),(2860,16,1,5,'PIZZERIA',0,11.32,'utente_1'),(2861,16,2,5,'PIZZERIA',0,19.77,'utente_1'),(2862,16,3,5,'PIZZERIA',0,19.78,'utente_1'),(2863,16,4,5,'PIZZERIA',0,14.9,'utente_1'),(2864,16,5,5,'PIZZERIA',0,1.7,'utente_1'),(2865,16,6,5,'PIZZERIA',0,0,'utente_1'),(2866,16,1,6,'PIZZERIA',0,11.32,'utente_1'),(2867,16,2,6,'PIZZERIA',0,19.77,'utente_1'),(2868,16,3,6,'PIZZERIA',0,19.78,'utente_1'),(2869,16,4,6,'PIZZERIA',0,14.9,'utente_1'),(2870,16,5,6,'PIZZERIA',0,1.7,'utente_1'),(2871,16,6,6,'PIZZERIA',0,0,'utente_1'),(2872,16,1,7,'PIZZERIA',0,11.32,'utente_1'),(2873,16,2,7,'PIZZERIA',0,19.77,'utente_1'),(2874,16,3,7,'PIZZERIA',0,19.78,'utente_1'),(2875,16,4,7,'PIZZERIA',0,14.9,'utente_1'),(2876,16,5,7,'PIZZERIA',0,1.7,'utente_1'),(2877,16,6,7,'PIZZERIA',0,0,'utente_1'),(2878,16,1,1,'PESCE',0,11.32,'utente_1'),(2879,16,2,1,'PESCE',0,19.77,'utente_1'),(2880,16,4,1,'PESCE',0,14.9,'utente_1'),(2881,16,5,1,'PESCE',0,1.7,'utente_1'),(2882,16,6,1,'PESCE',0,0,'utente_1'),(2883,16,1,2,'PESCE',0,11.32,'utente_1'),(2884,16,2,2,'PESCE',0,19.77,'utente_1'),(2885,16,4,2,'PESCE',0,14.9,'utente_1'),(2886,16,5,2,'PESCE',0,1.7,'utente_1'),(2887,16,6,2,'PESCE',0,0,'utente_1'),(2888,16,1,3,'PESCE',0,11.32,'utente_1'),(2889,16,2,3,'PESCE',0,19.77,'utente_1'),(2890,16,4,3,'PESCE',0,14.9,'utente_1'),(2891,16,5,3,'PESCE',0,1.7,'utente_1'),(2892,16,6,3,'PESCE',0,0,'utente_1'),(2893,16,1,4,'PESCE',0,11.32,'utente_1'),(2894,16,2,4,'PESCE',0,19.77,'utente_1'),(2895,16,4,4,'PESCE',0,14.9,'utente_1'),(2896,16,5,4,'PESCE',0,1.7,'utente_1'),(2897,16,6,4,'PESCE',0,0,'utente_1'),(2898,16,1,5,'PESCE',0,11.32,'utente_1'),(2899,16,2,5,'PESCE',0,19.77,'utente_1'),(2900,16,4,5,'PESCE',0,14.9,'utente_1'),(2901,16,5,5,'PESCE',0,1.7,'utente_1'),(2902,16,6,5,'PESCE',0,0,'utente_1'),(2903,16,1,6,'PESCE',0,11.32,'utente_1'),(2904,16,2,6,'PESCE',0,19.77,'utente_1'),(2905,16,4,6,'PESCE',0,14.9,'utente_1'),(2906,16,5,6,'PESCE',0,1.7,'utente_1'),(2907,16,6,6,'PESCE',0,0,'utente_1'),(2908,16,1,7,'PESCE',0,11.32,'utente_1'),(2909,16,2,7,'PESCE',0,19.77,'utente_1'),(2910,16,4,7,'PESCE',0,14.9,'utente_1'),(2911,16,5,7,'PESCE',0,1.7,'utente_1'),(2912,16,6,7,'PESCE',0,0,'utente_1');
/*!40000 ALTER TABLE `an_dettaglioordine` ENABLE KEYS */;
UNLOCK TABLES;

--
-- Table structure for table `an_fornitori`
--

DROP TABLE IF EXISTS `an_fornitori`;
/*!40101 SET @saved_cs_client     = @@character_set_client */;
/*!40101 SET character_set_client = utf8 */;
CREATE TABLE `an_fornitori` (
  `idfornitore` int(4) unsigned NOT NULL AUTO_INCREMENT,
  `ragionesociale` char(40) COLLATE latin1_general_ci NOT NULL,
  `indirizzo` char(225) COLLATE latin1_general_ci NOT NULL,
  `residenza` char(30) COLLATE latin1_general_ci NOT NULL,
  `partitaiva` char(11) COLLATE latin1_general_ci NOT NULL,
  `telefono` char(15) COLLATE latin1_general_ci DEFAULT NULL,
  `email` char(30) COLLATE latin1_general_ci DEFAULT NULL,
  PRIMARY KEY (`idfornitore`),
  UNIQUE KEY `ragionesociale` (`ragionesociale`),
  UNIQUE KEY `partitaiva` (`partitaiva`),
  CONSTRAINT `fk_fornitore_articolo` FOREIGN KEY (`idfornitore`) REFERENCES `an_articoli` (`idarticolo`) ON DELETE CASCADE ON UPDATE CASCADE
) ENGINE=InnoDB AUTO_INCREMENT=8 DEFAULT CHARSET=latin1 COLLATE=latin1_general_ci;
/*!40101 SET character_set_client = @saved_cs_client */;

--
-- Dumping data for table `an_fornitori`
--

LOCK TABLES `an_fornitori` WRITE;
/*!40000 ALTER TABLE `an_fornitori` DISABLE KEYS */;
INSERT INTO `an_fornitori` VALUES (1,'FAIC','Viale Alexandre Gustave Eiffel, 100, 00148','Roma','01234567890','3330000000','jj@kk.kk'),(2,'PESCE','Viale Alexandre Gustave Eiffel, 100, 00148','Roma','01234567891','3330000001','jj@kk.kk'),(3,'PASTA','Viale Alexandre Gustave Eiffel, 100, 00148','Roma','01234567892','3330000002','jj@kk.kk'),(4,'FEROCI','Viale Alexandre Gustave Eiffel, 100, 00148','Roma','01234567893','3330000003','jj@kk.kk'),(5,'COGNONI','Viale Alexandre Gustave Eiffel, 100, 00148','Roma','01234567894','3330000004','jj@kk.kk'),(6,'HQF','Viale Alexandre Gustave Eiffel, 100, 00148','Roma','01234567895','3330000005','jj@kk.kk'),(7,'SIMICA','Viale Alexandre Gustave Eiffel, 100, 00148','Roma','01234567896','3330000006','jj@kk.kk');
/*!40000 ALTER TABLE `an_fornitori` ENABLE KEYS */;
UNLOCK TABLES;

--
-- Table structure for table `an_ordini`
--

DROP TABLE IF EXISTS `an_ordini`;
/*!40101 SET @saved_cs_client     = @@character_set_client */;
/*!40101 SET character_set_client = utf8 */;
CREATE TABLE `an_ordini` (
  `idordine` int(10) unsigned NOT NULL AUTO_INCREMENT,
  `dataordine` date DEFAULT NULL,
  `costo` decimal(6,2) NOT NULL DEFAULT '0.00',
  `dataUM` datetime DEFAULT NULL,
  `stato` varchar(45) COLLATE latin1_general_ci DEFAULT 'UNDEFINED',
  `descrizione` varchar(45) COLLATE latin1_general_ci DEFAULT NULL,
  PRIMARY KEY (`idordine`)
) ENGINE=InnoDB AUTO_INCREMENT=17 DEFAULT CHARSET=latin1 COLLATE=latin1_general_ci;
/*!40101 SET character_set_client = @saved_cs_client */;

--
-- Dumping data for table `an_ordini`
--

LOCK TABLES `an_ordini` WRITE;
/*!40000 ALTER TABLE `an_ordini` DISABLE KEYS */;
INSERT INTO `an_ordini` VALUES (10,'2019-07-06',0.00,'2019-07-06 20:33:27','UNDEFINED','10_Ordine_2019-07-06'),(11,'2019-07-06',0.00,'2019-07-06 20:35:35','UNDEFINED','11_Ordine_2019-07-06'),(12,'2019-07-06',0.00,'2019-07-06 20:35:38','UNDEFINED','12_Ordine_2019-07-06'),(15,'2019-07-06',0.00,'2019-07-06 21:27:29','UNDEFINED','13_Ordine_2019-07-06'),(16,'2019-07-06',0.00,'2019-07-06 21:27:31','UNDEFINED','16_Ordine_2019-07-06');
/*!40000 ALTER TABLE `an_ordini` ENABLE KEYS */;
UNLOCK TABLES;

--
-- Table structure for table `an_schede`
--

DROP TABLE IF EXISTS `an_schede`;
/*!40101 SET @saved_cs_client     = @@character_set_client */;
/*!40101 SET character_set_client = utf8 */;
CREATE TABLE `an_schede` (
  `idscheda` int(4) unsigned NOT NULL AUTO_INCREMENT,
  `ksarticolo` int(4) NOT NULL,
  `ksfornitore` int(4) NOT NULL,
  `tipo` char(50) COLLATE latin1_general_ci NOT NULL,
  `datainizio` date DEFAULT NULL,
  `datafine` date DEFAULT NULL,
  PRIMARY KEY (`idscheda`)
) ENGINE=InnoDB AUTO_INCREMENT=211 DEFAULT CHARSET=latin1 COLLATE=latin1_general_ci;
/*!40101 SET character_set_client = @saved_cs_client */;

--
-- Dumping data for table `an_schede`
--

LOCK TABLES `an_schede` WRITE;
/*!40000 ALTER TABLE `an_schede` DISABLE KEYS */;
INSERT INTO `an_schede` VALUES (1,1,1,'ANTIPASTI','2019-06-12','2019-09-12'),(2,2,1,'ANTIPASTI','2019-06-12','2019-09-12'),(4,4,1,'ANTIPASTI','2019-06-12','2019-09-12'),(5,5,1,'ANTIPASTI','2019-06-12','2019-09-12'),(6,6,1,'ANTIPASTI','2019-06-12','2019-09-12'),(19,1,4,'ANTIPASTI','2019-06-12','2019-09-12'),(20,2,4,'ANTIPASTI','2019-06-12','2019-09-12'),(22,4,4,'ANTIPASTI','2019-06-12','2019-09-12'),(23,5,4,'ANTIPASTI','2019-06-12','2019-09-12'),(24,6,4,'ANTIPASTI','2019-06-12','2019-09-12'),(25,1,5,'ANTIPASTI','2019-06-12','2019-09-12'),(26,2,5,'ANTIPASTI','2019-06-12','2019-09-12'),(28,4,5,'ANTIPASTI','2019-06-12','2019-09-12'),(29,5,5,'ANTIPASTI','2019-06-12','2019-09-12'),(30,6,5,'ANTIPASTI','2019-06-12','2019-09-12'),(31,1,6,'ANTIPASTI','2019-06-12','2019-09-12'),(32,2,6,'ANTIPASTI','2019-06-12','2019-09-12'),(34,4,6,'ANTIPASTI','2019-06-12','2019-09-12'),(35,5,6,'ANTIPASTI','2019-06-12','2019-09-12'),(36,6,6,'ANTIPASTI','2019-06-12','2019-09-12'),(43,1,1,'PRIMI','2019-06-12','2019-09-12'),(44,2,1,'PRIMI','2019-06-12','2019-09-12'),(45,3,1,'PRIMI','2019-06-12','2019-09-12'),(46,4,1,'PRIMI','2019-06-12','2019-09-12'),(47,5,1,'PRIMI','2019-06-12','2019-09-12'),(48,6,1,'PRIMI','2019-06-12','2019-09-12'),(49,1,2,'PRIMI','2019-06-12','2019-09-12'),(50,2,2,'PRIMI','2019-06-12','2019-09-12'),(51,3,2,'PRIMI','2019-06-12','2019-09-12'),(52,4,2,'PRIMI','2019-06-12','2019-09-12'),(53,5,2,'PRIMI','2019-06-12','2019-09-12'),(54,6,2,'PRIMI','2019-06-12','2019-09-12'),(55,1,3,'PRIMI','2019-06-12','2019-09-12'),(56,2,3,'PRIMI','2019-06-12','2019-09-12'),(57,3,3,'PRIMI','2019-06-12','2019-09-12'),(58,4,3,'PRIMI','2019-06-12','2019-09-12'),(59,5,3,'PRIMI','2019-06-12','2019-09-12'),(60,6,3,'PRIMI','2019-06-12','2019-09-12'),(61,1,4,'PRIMI','2019-06-12','2019-09-12'),(62,2,4,'PRIMI','2019-06-12','2019-09-12'),(63,3,4,'PRIMI','2019-06-12','2019-09-12'),(64,4,4,'PRIMI','2019-06-12','2019-09-12'),(65,5,4,'PRIMI','2019-06-12','2019-09-12'),(66,6,4,'PRIMI','2019-06-12','2019-09-12'),(67,1,5,'PRIMI','2019-06-12','2019-09-12'),(68,2,5,'PRIMI','2019-06-12','2019-09-12'),(69,3,5,'PRIMI','2019-06-12','2019-09-12'),(70,4,5,'PRIMI','2019-06-12','2019-09-12'),(71,5,5,'PRIMI','2019-06-12','2019-09-12'),(72,6,5,'PRIMI','2019-06-12','2019-09-12'),(73,1,6,'PRIMI','2019-06-12','2019-09-12'),(74,2,6,'PRIMI','2019-06-12','2019-09-12'),(75,3,6,'PRIMI','2019-06-12','2019-09-12'),(76,4,6,'PRIMI','2019-06-12','2019-09-12'),(77,5,6,'PRIMI','2019-06-12','2019-09-12'),(78,6,6,'PRIMI','2019-06-12','2019-09-12'),(79,1,7,'PRIMI','2019-06-12','2019-09-12'),(80,2,7,'PRIMI','2019-06-12','2019-09-12'),(81,3,7,'PRIMI','2019-06-12','2019-09-12'),(82,4,7,'PRIMI','2019-06-12','2019-09-12'),(83,5,7,'PRIMI','2019-06-12','2019-09-12'),(84,6,7,'PRIMI','2019-06-12','2019-09-12'),(85,1,1,'SECONDI','2019-06-12','2019-09-12'),(86,2,1,'SECONDI','2019-06-12','2019-09-12'),(87,3,1,'SECONDI','2019-06-12','2019-09-12'),(88,4,1,'SECONDI','2019-06-12','2019-09-12'),(89,5,1,'SECONDI','2019-06-12','2019-09-12'),(90,6,1,'SECONDI','2019-06-12','2019-09-12'),(91,1,2,'SECONDI','2019-06-12','2019-09-12'),(92,2,2,'SECONDI','2019-06-12','2019-09-12'),(93,3,2,'SECONDI','2019-06-12','2019-09-12'),(94,4,2,'SECONDI','2019-06-12','2019-09-12'),(95,5,2,'SECONDI','2019-06-12','2019-09-12'),(96,6,2,'SECONDI','2019-06-12','2019-09-12'),(97,1,3,'SECONDI','2019-06-12','2019-09-12'),(98,2,3,'SECONDI','2019-06-12','2019-09-12'),(99,3,3,'SECONDI','2019-06-12','2019-09-12'),(100,4,3,'SECONDI','2019-06-12','2019-09-12'),(101,5,3,'SECONDI','2019-06-12','2019-09-12'),(102,6,3,'SECONDI','2019-06-12','2019-09-12'),(103,1,4,'SECONDI','2019-06-12','2019-09-12'),(104,2,4,'SECONDI','2019-06-12','2019-09-12'),(105,3,4,'SECONDI','2019-06-12','2019-09-12'),(106,4,4,'SECONDI','2019-06-12','2019-09-12'),(107,5,4,'SECONDI','2019-06-12','2019-09-12'),(108,6,4,'SECONDI','2019-06-12','2019-09-12'),(109,1,5,'SECONDI','2019-06-12','2019-09-12'),(110,2,5,'SECONDI','2019-06-12','2019-09-12'),(111,3,5,'SECONDI','2019-06-12','2019-09-12'),(112,4,5,'SECONDI','2019-06-12','2019-09-12'),(113,5,5,'SECONDI','2019-06-12','2019-09-12'),(114,6,5,'SECONDI','2019-06-12','2019-09-12'),(115,1,6,'SECONDI','2019-06-12','2019-09-12'),(116,2,6,'SECONDI','2019-06-12','2019-09-12'),(117,3,6,'SECONDI','2019-06-12','2019-09-12'),(118,4,6,'SECONDI','2019-06-12','2019-09-12'),(119,5,6,'SECONDI','2019-06-12','2019-09-12'),(120,6,6,'SECONDI','2019-06-12','2019-09-12'),(121,1,7,'SECONDI','2019-06-12','2019-09-12'),(122,2,7,'SECONDI','2019-06-12','2019-09-12'),(123,3,7,'SECONDI','2019-06-12','2019-09-12'),(124,4,7,'SECONDI','2019-06-12','2019-09-12'),(125,5,7,'SECONDI','2019-06-12','2019-09-12'),(126,6,7,'SECONDI','2019-06-12','2019-09-12'),(127,1,1,'PIZZERIA','2019-06-12','2019-09-12'),(128,2,1,'PIZZERIA','2019-06-12','2019-09-12'),(129,3,1,'PIZZERIA','2019-06-12','2019-09-12'),(130,4,1,'PIZZERIA','2019-06-12','2019-09-12'),(131,5,1,'PIZZERIA','2019-06-12','2019-09-12'),(132,6,1,'PIZZERIA','2019-06-12','2019-09-12'),(133,1,2,'PIZZERIA','2019-06-12','2019-09-12'),(134,2,2,'PIZZERIA','2019-06-12','2019-09-12'),(135,3,2,'PIZZERIA','2019-06-12','2019-09-12'),(136,4,2,'PIZZERIA','2019-06-12','2019-09-12'),(137,5,2,'PIZZERIA','2019-06-12','2019-09-12'),(138,6,2,'PIZZERIA','2019-06-12','2019-09-12'),(139,1,3,'PIZZERIA','2019-06-12','2019-09-12'),(140,2,3,'PIZZERIA','2019-06-12','2019-09-12'),(141,3,3,'PIZZERIA','2019-06-12','2019-09-12'),(142,4,3,'PIZZERIA','2019-06-12','2019-09-12'),(143,5,3,'PIZZERIA','2019-06-12','2019-09-12'),(144,6,3,'PIZZERIA','2019-06-12','2019-09-12'),(145,1,4,'PIZZERIA','2019-06-12','2019-09-12'),(146,2,4,'PIZZERIA','2019-06-12','2019-09-12'),(147,3,4,'PIZZERIA','2019-06-12','2019-09-12'),(148,4,4,'PIZZERIA','2019-06-12','2019-09-12'),(149,5,4,'PIZZERIA','2019-06-12','2019-09-12'),(150,6,4,'PIZZERIA','2019-06-12','2019-09-12'),(151,1,5,'PIZZERIA','2019-06-12','2019-09-12'),(152,2,5,'PIZZERIA','2019-06-12','2019-09-12'),(153,3,5,'PIZZERIA','2019-06-12','2019-09-12'),(154,4,5,'PIZZERIA','2019-06-12','2019-09-12'),(155,5,5,'PIZZERIA','2019-06-12','2019-09-12'),(156,6,5,'PIZZERIA','2019-06-12','2019-09-12'),(157,1,6,'PIZZERIA','2019-06-12','2019-09-12'),(158,2,6,'PIZZERIA','2019-06-12','2019-09-12'),(159,3,6,'PIZZERIA','2019-06-12','2019-09-12'),(160,4,6,'PIZZERIA','2019-06-12','2019-09-12'),(161,5,6,'PIZZERIA','2019-06-12','2019-09-12'),(162,6,6,'PIZZERIA','2019-06-12','2019-09-12'),(163,1,7,'PIZZERIA','2019-06-12','2019-09-12'),(164,2,7,'PIZZERIA','2019-06-12','2019-09-12'),(165,3,7,'PIZZERIA','2019-06-12','2019-09-12'),(166,4,7,'PIZZERIA','2019-06-12','2019-09-12'),(167,5,7,'PIZZERIA','2019-06-12','2019-09-12'),(168,6,7,'PIZZERIA','2019-06-12','2019-09-12'),(169,1,1,'PESCE','2019-06-12','2019-09-12'),(170,2,1,'PESCE','2019-06-12','2019-09-12'),(172,4,1,'PESCE','2019-06-12','2019-09-12'),(173,5,1,'PESCE','2019-06-12','2019-09-12'),(174,6,1,'PESCE','2019-06-12','2019-09-12'),(175,1,2,'PESCE','2019-06-12','2019-09-12'),(176,2,2,'PESCE','2019-06-12','2019-09-12'),(178,4,2,'PESCE','2019-06-12','2019-09-12'),(179,5,2,'PESCE','2019-06-12','2019-09-12'),(180,6,2,'PESCE','2019-06-12','2019-09-12'),(181,1,3,'PESCE','2019-06-12','2019-09-12'),(182,2,3,'PESCE','2019-06-12','2019-09-12'),(184,4,3,'PESCE','2019-06-12','2019-09-12'),(185,5,3,'PESCE','2019-06-12','2019-09-12'),(186,6,3,'PESCE','2019-06-12','2019-09-12'),(187,1,4,'PESCE','2019-06-12','2019-09-12'),(188,2,4,'PESCE','2019-06-12','2019-09-12'),(190,4,4,'PESCE','2019-06-12','2019-09-12'),(191,5,4,'PESCE','2019-06-12','2019-09-12'),(192,6,4,'PESCE','2019-06-12','2019-09-12'),(193,1,5,'PESCE','2019-06-12','2019-09-12'),(194,2,5,'PESCE','2019-06-12','2019-09-12'),(196,4,5,'PESCE','2019-06-12','2019-09-12'),(197,5,5,'PESCE','2019-06-12','2019-09-12'),(198,6,5,'PESCE','2019-06-12','2019-09-12'),(199,1,6,'PESCE','2019-06-12','2019-09-12'),(200,2,6,'PESCE','2019-06-12','2019-09-12'),(202,4,6,'PESCE','2019-06-12','2019-09-12'),(203,5,6,'PESCE','2019-06-12','2019-09-12'),(204,6,6,'PESCE','2019-06-12','2019-09-12'),(205,1,7,'PESCE','2019-06-12','2019-09-12'),(206,2,7,'PESCE','2019-06-12','2019-09-12'),(208,4,7,'PESCE','2019-06-12','2019-09-12'),(209,5,7,'PESCE','2019-06-12','2019-09-12'),(210,6,7,'PESCE','2019-06-12','2019-09-12');
/*!40000 ALTER TABLE `an_schede` ENABLE KEYS */;
UNLOCK TABLES;
/*!40103 SET TIME_ZONE=@OLD_TIME_ZONE */;

/*!40101 SET SQL_MODE=@OLD_SQL_MODE */;
/*!40014 SET FOREIGN_KEY_CHECKS=@OLD_FOREIGN_KEY_CHECKS */;
/*!40014 SET UNIQUE_CHECKS=@OLD_UNIQUE_CHECKS */;
/*!40101 SET CHARACTER_SET_CLIENT=@OLD_CHARACTER_SET_CLIENT */;
/*!40101 SET CHARACTER_SET_RESULTS=@OLD_CHARACTER_SET_RESULTS */;
/*!40101 SET COLLATION_CONNECTION=@OLD_COLLATION_CONNECTION */;
/*!40111 SET SQL_NOTES=@OLD_SQL_NOTES */;

-- Dump completed on 2019-07-08 23:20:57
